{
    "pearson": 0.41519191984035364,
    "id": "cv0",
    "y_pred": [
        0.14064638712231387,
        0.055468898572699245,
        0.22359040591967458,
        0.3284411415717366,
        0.21428069147595746,
        0.15400947901865059,
        0.03577242963730799,
        0.601479789933922,
        0.05302631981221673,
        0.26641260587168586,
        0.17106210614841566,
        0.33699403008069656,
        0.373009570162594,
        0.031067945775932533,
        0.197217697052169,
        0.3088856876892507,
        0.4433637049855076,
        0.2707396164020778,
        0.10803985095953748,
        0.33423848552312374,
        0.2884292163202341,
        0.3375901642726379,
        0.5024620719934908,
        0.3671895413361051,
        0.17208130197522087,
        0.4735242790765361,
        0.4366777489370583,
        0.2379449849980887,
        0.5284247635499506,
        0.17768220807162854,
        0.2657921742441549,
        0.3423675974903566,
        0.410486956485642,
        0.2969222829801978,
        0.08809173644492821,
        0.030093684275781744,
        0.1346851227334931,
        0.2287193052755223,
        0.1641837898923838,
        0.19306739967485123,
        0.4386591842695241,
        0.14013541468568355,
        0.18710691263088228,
        0.18454368513102945,
        0.3843097264844292,
        0.19846022074879888,
        0.16374676964156265,
        0.11474852010190639,
        0.05838257799225627,
        0.13872854844567786,
        0.15491649742805969,
        0.5020596301794861,
        0.0496269348341394,
        0.3431257747083577,
        0.27517704856534886,
        0.10235714417606236,
        0.05683538821589274,
        0.2764616673003738,
        0.5147337340509383,
        0.1520140461492028,
        0.08897171065972101,
        0.1699288201801671,
        0.4460730132031483,
        0.6074286782740718,
        0.5196107309780797,
        0.8867521039184451,
        0.223260732524302,
        0.271181806361215,
        0.2705637787630637,
        0.3429942836794483,
        0.3892944450752394,
        0.21099714138724496,
        0.3302368376883329,
        0.5045103977233967,
        0.29258777252401313,
        0.3896541174477956,
        0.38435371413324215,
        0.5300363778902007,
        0.4943116107310096,
        0.18725365954601725,
        0.5156012670333646,
        0.15215575997030867,
        0.17989867102995422,
        0.3396183272081701,
        0.24825471735190408,
        0.5674865633708122,
        0.4285337240321088,
        0.5489953313290027,
        0.6945966026576023,
        0.8134150656522393,
        0.28781027660434544,
        0.13596927458292954,
        0.4158975486400322,
        0.7411072964145128,
        0.19988645997287172,
        0.4965254337183026,
        0.6879490791942208,
        0.15458565626602752,
        0.5529304612768854,
        0.5858417289507076,
        0.46994029972716445,
        0.2937863643847712,
        0.2923783748382128,
        0.20818956762249935,
        0.4453477729682171,
        0.7605161212583089,
        0.3649561567786027,
        0.19959838922658618,
        0.4936973281972126,
        0.00014142135671046477,
        0.00014142135671046477,
        0.00014142135671046477,
        0.00014142135671046477,
        0.00014142135671046477,
        0.00014142135671046477,
        0.00014142135671046477,
        0.00014142135671046477,
        0.00014142135671046477,
        0.00014142135671046477,
        0.00014142135671046477,
        1.2874487707317042,
        1.3896332273192007,
        1.3017501649684087,
        0.5725133099696321,
        1.1941841750783355,
        1.0025664224401563,
        0.4283721114884728,
        1.3873642883842958,
        1.2607006777729772,
        0.3320028722851032,
        0.07116148873588526,
        1.4186648235144808,
        0.43073926700055404,
        1.2382471693992736,
        0.00014142135671046477,
        0.4939741074003803,
        0.00014142135671046477,
        1.061512137037794,
        0.25810641615259794,
        0.42554421248900853,
        0.6495562389324758,
        0.4512391344332171,
        0.688898095017095,
        0.23859918929069052,
        0.4922638364866986,
        0.694615989699679,
        0.3588469943286367,
        0.40820785898666834,
        0.5421275656633153,
        0.5253467949445321,
        0.45982104523247136,
        0.2601874104134349,
        0.30518341924581427,
        0.00014142135671046477,
        0.00014142135671046477,
        0.42725001698234194,
        0.18378897235290956,
        0.09045270167431771,
        0.5384658636237278,
        0.4666370371829792,
        0.4430069331680596,
        0.5025155840648264,
        0.4280043667117612,
        0.4357260526335042,
        0.149949463640235,
        0.7024659872728645,
        0.18634863633477047,
        0.27735876224137374,
        0.6398710618078052,
        0.34429675548371524,
        0.00014142135671046477,
        0.5685878773875711,
        0.19683899735405147
    ],