{
    "val_pearson": 0.5436837809694719,
    "id": "cv3",
    "y_pred": [
        0.5288598537445068,
        0.5282179713249207,
        0.5014903545379639,
        0.581897497177124,
        0.5454280376434326,
        0.5445767641067505,
        0.45079755783081055,
        0.5598472952842712,
        0.4899976849555969,
        0.5916415452957153,
        0.5761044025421143,
        0.5144228339195251,
        0.5729599595069885,
        0.559759259223938,
        0.5552577376365662,
        0.505861759185791,
        0.5434074401855469,
        0.5541002750396729,
        0.5570557713508606,
        0.5279629826545715,
        0.6166698336601257,
        0.5987241864204407,
        0.5740850567817688,
        0.5576983094215393,
        0.60794997215271,
        0.5433347821235657,
        0.5526303052902222,
        0.4289088249206543,
        0.48877355456352234,
        0.5886332392692566,
        0.4868008494377136,
        0.553468644618988,
        0.49428942799568176,
        0.5250779390335083,
        0.5383281111717224,
        0.5627403259277344,
        0.5671030282974243,
        0.6207157373428345,
        0.6004108786582947,
        0.5428116917610168,
        0.4298109710216522,
        0.5755255222320557,
        0.5233345031738281,
        0.5739124417304993,
        0.5017964839935303,
        0.5586483478546143,
        0.5295438170433044,
        0.5488137006759644,
        0.5345354676246643,
        0.5768451690673828,
        0.5775821805000305,
        0.5204619765281677,
        0.5531940460205078,
        0.5256460309028625,
        0.6210878491401672,
        0.5988315343856812,
        0.5564499497413635,
        0.5635850429534912,
        0.5817471146583557,
        0.5114577412605286,
        0.5141050219535828,
        0.6205141544342041,
        0.43138447403907776,
        0.7607588768005371,
        0.5265982747077942,
        0.35575804114341736,
        0.36466875672340393,
        0.6113634705543518,
        0.6174838542938232,
        0.6099625825881958,
        0.4849703907966614,
        0.733715295791626,
        0.654024064540863,
        0.6277090907096863,
        0.6672936677932739,
        0.5255768895149231,
        0.6750512719154358,
        0.55171799659729,
        0.43922874331474304,
        0.6963726878166199,
        0.5929011702537537,
        0.5803922414779663,
        0.655150830745697,
        0.5961984395980835,
        0.49569714069366455,
        0.5238510370254517,
        0.7166133522987366,
        0.5896639823913574,
        0.47228673100471497,
        0.6965605020523071,
        0.5411776304244995,
        0.5297259092330933,
        0.6146985292434692,
        0.41832974553108215,
        0.4675769507884979,
        0.475178599357605,
        0.599121630191803,
        0.7073581218719482,
        0.40433192253112793,
        0.49831539392471313,
        0.45801037549972534,
        0.4404585063457489,
        0.4160429835319519,
        0.5212770104408264,
        0.7026001214981079,
        0.5918440818786621,
        0.5884855389595032,
        0.4955514669418335,
        0.6719661951065063,
        0.41935160756111145,
        0.5239159464836121,
        0.41568535566329956,
        0.6359661221504211,
        0.7031569480895996,
        0.5616923570632935,
        0.37060433626174927,
        0.09909280389547348,
        0.46909570693969727,
        0.46306881308555603,
        0.6782976984977722,
        0.700035810470581,
        0.7489845752716064,
        0.570387601852417,
        0.5418619513511658,
        0.6675931215286255,
        0.5365774035453796,
        0.5975258946418762,
        0.5901271104812622,
        0.5621654391288757,
        0.5155282616615295,
        0.6721557378768921,
        0.5172083377838135,
        0.5555864572525024,
        0.5964666604995728,
        0.4043733477592468,
        0.4584677219390869,
        0.4471557140350342,
        0.5384048819541931,
        0.6292362213134766,
        0.7501232028007507,
        0.5812855362892151,
        0.7026001214981079,
        0.6620767712593079,
        0.6623573899269104,
        0.6698512434959412,
        0.7049376368522644,
        0.5939498543739319,
        0.4803049862384796,
        0.6187084913253784,
        0.46149173378944397,
        0.5410052537918091,
        0.666510283946991,
        0.41561853885650635,
        0.5863457918167114,
        0.5358353853225708,
        0.5965556502342224,
        0.6785023212432861,
        0.5743040442466736,
        0.5942546129226685,
        0.35271507501602173,
        0.5315665006637573,
        0.4810980260372162,
        0.4632454514503479,
        0.47930967807769775,
        0.5884377360343933,
        0.4077839255332947,
        0.6341102123260498,
        0.5226432085037231,
        0.6659156680107117,
        0.493778258562088,
        0.48407137393951416,
        0.5086065530776978,
        0.6194037795066833
    ],