{
    "val_pearson": 0.5301177822564942,
    "id": "cv4",
    "y_pred": [
        0.5634444355964661,
        0.5044960379600525,
        0.6088178753852844,
        0.5734964609146118,
        0.5565836429595947,
        0.5071061253547668,
        0.5372436046600342,
        0.4743026793003082,
        0.5889127254486084,
        0.5284297466278076,
        0.5193211436271667,
        0.5844601392745972,
        0.542213499546051,
        0.6031980514526367,
        0.5114725232124329,
        0.6023991107940674,
        0.6070898175239563,
        0.5212823748588562,
        0.5253373980522156,
        0.5539441704750061,
        0.5680353045463562,
        0.5046489834785461,
        0.550858736038208,
        0.5570088624954224,
        0.5468285083770752,
        0.64864182472229,
        0.6633676886558533,
        0.5663811564445496,
        0.49734747409820557,
        0.5349012017250061,
        0.456266313791275,
        0.5159871578216553,
        0.5741183161735535,
        0.546302855014801,
        0.48043355345726013,
        0.529484748840332,
        0.4985913634300232,
        0.5383594632148743,
        0.6287336349487305,
        0.45230725407600403,
        0.5496810674667358,
        0.4447481036186218,
        0.5726441144943237,
        0.5776593089103699,
        0.5362498164176941,
        0.630204439163208,
        0.5958760976791382,
        0.5593729615211487,
        0.5639597177505493,
        0.5176435112953186,
        0.5441345572471619,
        0.5261655449867249,
        0.590244710445404,
        0.585552453994751,
        0.49355533719062805,
        0.5276226997375488,
        0.498821496963501,
        0.5629854798316956,
        0.5769752860069275,
        0.5021219849586487,
        0.6528253555297852,
        0.5692307353019714,
        0.7115802764892578,
        0.7054691910743713,
        0.7485058903694153,
        0.7448134422302246,
        0.4255392253398895,
        0.5091594457626343,
        0.4154890477657318,
        0.46443772315979004,
        0.6554522514343262,
        0.5848422646522522,
        0.7444412112236023,
        0.4567699730396271,
        0.7232608199119568,
        0.4782196283340454,
        0.696955680847168,
        0.6666569113731384,
        0.5381752848625183,
        0.611349880695343,
        0.3722321093082428,
        0.4049261212348938,
        0.7239679098129272,
        0.5011972188949585,
        0.4995914697647095,
        0.602448582649231,
        0.5836790800094604,
        0.5181971192359924,
        0.5826696753501892,
        0.36646735668182373,
        0.42649009823799133,
        0.5390875339508057,
        0.568358302116394,
        0.5974999070167542,
        0.5668855905532837,
        0.5976517200469971,
        0.531997561454773,
        0.4756174385547638,
        0.4433436095714569,
        0.3733293414115906,
        0.5059647560119629,
        0.4922172427177429,
        0.5176861882209778,
        0.46038618683815,
        0.43934398889541626,
        0.5712282657623291,
        0.6981258988380432,
        0.7497967481613159,
        0.43106403946876526,
        0.45297926664352417,
        0.596144437789917,
        0.6712186336517334,
        0.6809847354888916,
        0.5713261365890503,
        0.2951793372631073,
        0.6197541952133179,
        0.3878366947174072,
        0.4309685528278351,
        0.38156062364578247,
        0.49776363372802734,
        0.5336217284202576,
        0.6698652505874634,
        0.6513780951499939,
        0.41619977355003357,
        0.5578398704528809,
        0.39476266503334045,
        0.6247196793556213,
        0.5514625906944275,
        0.6320640444755554,
        0.6321644186973572,
        0.6452416181564331,
        0.7056204080581665,
        0.48749223351478577,
        0.6133432984352112,
        0.6863540410995483,
        0.6333488821983337,
        0.6326410174369812,
        0.594528317451477,
        0.6046560406684875,
        0.6190878748893738,
        0.6919155716896057,
        0.7435050010681152,
        0.6082592010498047,
        0.49767741560935974,
        0.3648594915866852,
        0.4923451244831085,
        0.43383294343948364,
        0.48370644450187683,
        0.5757206678390503,
        0.6321163177490234,
        0.41786226630210876,
        0.5435724854469299,
        0.5682200193405151,
        0.5545724034309387,
        0.6248639225959778,
        0.6047040224075317,
        0.5228960514068604,
        0.5689800977706909,
        0.6018934845924377,
        0.6148440837860107,
        0.622343897819519,
        0.4483049511909485,
        0.5048311352729797,
        0.7154752016067505,
        0.45730289816856384,
        0.5096309185028076,
        0.5256580114364624,
        0.587861955165863,
        0.5064729452133179,
        0.5231506824493408,
        0.5146371722221375,
        0.5281735062599182,
        0.5606440901756287
    ],