{
    "val_pearson": 0.2872658896981448,
    "id": "cv2",
    "y_pred": [
        0.5551933646202087,
        0.5552168488502502,
        0.604540228843689,
        0.5143013596534729,
        0.5477296113967896,
        0.5614835619926453,
        0.5724882483482361,
        0.6036380529403687,
        0.544078528881073,
        0.5896883606910706,
        0.4910852611064911,
        0.5643688440322876,
        0.5594906806945801,
        0.5497414469718933,
        0.5189604759216309,
        0.5519304871559143,
        0.4912051260471344,
        0.5252870917320251,
        0.6564681529998779,
        0.5987598299980164,
        0.5697963833808899,
        0.5347379446029663,
        0.5295297503471375,
        0.5956311821937561,
        0.5429366827011108,
        0.5568372011184692,
        0.4290817975997925,
        0.5739454030990601,
        0.6250057220458984,
        0.6078444123268127,
        0.5969923138618469,
        0.5653973817825317,
        0.5449747443199158,
        0.5387763381004333,
        0.530041515827179,
        0.5554224252700806,
        0.5460594892501831,
        0.5466262102127075,
        0.5089167356491089,
        0.5585991740226746,
        0.5545847415924072,
        0.5609159469604492,
        0.5687052011489868,
        0.5706552863121033,
        0.5990747809410095,
        0.6158710718154907,
        0.5546790957450867,
        0.5213784575462341,
        0.5803796648979187,
        0.5666956901550293,
        0.5499774813652039,
        0.6109091639518738,
        0.5309550762176514,
        0.5088260769844055,
        0.5623580813407898,
        0.4706055521965027,
        0.5298497080802917,
        0.498841792345047,
        0.6209350824356079,
        0.5182696580886841,
        0.5762827396392822,
        0.5825467109680176,
        0.4594271183013916,
        0.6691258549690247,
        0.4710240662097931,
        0.6583250164985657,
        0.5623683929443359,
        0.41301169991493225,
        0.6633479595184326,
        0.43766507506370544,
        0.5525059700012207,
        0.4498566687107086,
        0.662769615650177,
        0.6461041569709778,
        0.4953574538230896,
        0.5722402930259705,
        0.6821624636650085,
        0.6775454878807068,
        0.6502596735954285,
        0.46434691548347473,
        0.4535534381866455,
        0.5965046286582947,
        0.6290402412414551,
        0.7142086625099182,
        0.6129823923110962,
        0.6360846161842346,
        0.6608065962791443,
        0.5658368468284607,
        0.6121617555618286,
        0.5513574481010437,
        0.500026524066925,
        0.6135048270225525,
        0.5344796180725098,
        0.4869248569011688,
        0.4203364849090576,
        0.46534019708633423,
        0.42804309725761414,
        0.46201711893081665,
        0.6094779968261719,
        0.6455932259559631,
        0.47370630502700806,
        0.5388749241828918,
        0.587955892086029,
        0.7225450277328491,
        0.5351250171661377,
        0.568376898765564,
        0.7095600962638855,
        0.5430281162261963,
        0.5988354682922363,
        0.6195536851882935,
        0.564933180809021,
        0.6058449149131775,
        0.524815022945404,
        0.5345640182495117,
        0.41430503129959106,
        0.4740487337112427,
        0.6159370541572571,
        0.3588058352470398,
        0.3888787627220154,
        0.6268582344055176,
        0.6163888573646545,
        0.6692847013473511,
        0.627387285232544,
        0.5880873799324036,
        0.622021496295929,
        0.6030296087265015,
        0.609730064868927,
        0.5395154356956482,
        0.6062504053115845,
        0.6039288640022278,
        0.6974424719810486,
        0.7285993695259094,
        0.5191134810447693,
        0.5758365988731384,
        0.5637238025665283,
        0.5868695974349976,
        0.5977405309677124,
        0.5351095795631409,
        0.515277087688446,
        0.5102699995040894,
        0.5140222907066345,
        0.5597150325775146,
        0.582947850227356,
        0.5542386174201965,
        0.6620433926582336,
        0.6277099847793579,
        0.571181058883667,
        0.49697598814964294,
        0.6083298325538635,
        0.4518992602825165,
        0.6300478577613831,
        0.5858868360519409,
        0.40239179134368896,
        0.5530193448066711,
        0.5846893787384033,
        0.611518144607544,
        0.6034936308860779,
        0.5182299017906189,
        0.6460767984390259,
        0.5422852039337158,
        0.6195889115333557,
        0.598476231098175,
        0.4839174449443817,
        0.4786039888858795,
        0.4807310700416565,
        0.6117337346076965,
        0.4703654944896698,
        0.5316186547279358,
        0.6054152846336365,
        0.4696456789970398,
        0.5129280090332031,
        0.5749754905700684,
        0.549697756767273
    ],