{
    "val_pearson": 0.3581895617790614,
    "id": "cv0",
    "y_pred": [
        0.5835594534873962,
        0.5713362693786621,
        0.5185593366622925,
        0.5531880855560303,
        0.5861069560050964,
        0.5325378179550171,
        0.5490515828132629,
        0.5547835826873779,
        0.5096787810325623,
        0.543088972568512,
        0.5612680912017822,
        0.5511999726295471,
        0.5810062885284424,
        0.5401980876922607,
        0.5080642700195312,
        0.5158079862594604,
        0.5537543296813965,
        0.5364542603492737,
        0.5587109327316284,
        0.5756743550300598,
        0.5431886315345764,
        0.536929190158844,
        0.5755972266197205,
        0.5732529759407043,
        0.5883193016052246,
        0.5869361162185669,
        0.5589616298675537,
        0.5373192429542542,
        0.5846472978591919,
        0.532853364944458,
        0.5285615921020508,
        0.5522502064704895,
        0.593861997127533,
        0.5111783742904663,
        0.5236179232597351,
        0.5502867698669434,
        0.5380241870880127,
        0.6043272614479065,
        0.5275314450263977,
        0.5070965886116028,
        0.5770659446716309,
        0.6005048155784607,
        0.5508264899253845,
        0.4895077645778656,
        0.5272103548049927,
        0.5441318154335022,
        0.542687714099884,
        0.5870660543441772,
        0.5791893601417542,
        0.5942413210868835,
        0.5293864011764526,
        0.5753381848335266,
        0.5061343908309937,
        0.5117303729057312,
        0.5734485387802124,
        0.5385178923606873,
        0.5236322283744812,
        0.5563819408416748,
        0.5604447722434998,
        0.5323023200035095,
        0.49935537576675415,
        0.45723575353622437,
        0.5456461906433105,
        0.5532824993133545,
        0.6417107582092285,
        0.6982629895210266,
        0.5000486373901367,
        0.4317208528518677,
        0.5878092646598816,
        0.49336522817611694,
        0.4642360210418701,
        0.6490280628204346,
        0.4990432560443878,
        0.6500204801559448,
        0.6041780710220337,
        0.6007438898086548,
        0.6217725276947021,
        0.6026012897491455,
        0.6345345377922058,
        0.5566350221633911,
        0.6374459862709045,
        0.5149017572402954,
        0.5614128112792969,
        0.5914635062217712,
        0.5759119987487793,
        0.5875669717788696,
        0.5663426518440247,
        0.5777186155319214,
        0.5657628774642944,
        0.5762014985084534,
        0.6034526824951172,
        0.5089505910873413,
        0.5720629096031189,
        0.5681988000869751,
        0.4591269791126251,
        0.5766396522521973,
        0.6105329990386963,
        0.5840072631835938,
        0.5067822933197021,
        0.5878179669380188,
        0.5560861825942993,
        0.5328333377838135,
        0.6284551024436951,
        0.538520336151123,
        0.5965861678123474,
        0.6548367738723755,
        0.578532338142395,
        0.6977320909500122,
        0.6130814552307129,
        0.5146579146385193,
        0.4983975291252136,
        0.3702864348888397,
        0.5196824669837952,
        0.5165842175483704,
        0.49828997254371643,
        0.4406871497631073,
        0.4414524734020233,
        0.6044361591339111,
        0.5104837417602539,
        0.4562695324420929,
        0.5914070010185242,
        0.5178670287132263,
        0.6497487425804138,
        0.5824254155158997,
        0.5818229913711548,
        0.6008955240249634,
        0.5946304202079773,
        0.5953779816627502,
        0.5578837394714355,
        0.6330304145812988,
        0.4855802059173584,
        0.5872328281402588,
        0.58858722448349,
        0.6892976760864258,
        0.5935866236686707,
        0.6192998886108398,
        0.46047019958496094,
        0.5393679738044739,
        0.45345646142959595,
        0.5582675933837891,
        0.5059062838554382,
        0.5305929183959961,
        0.5694636106491089,
        0.5828442573547363,
        0.6538756489753723,
        0.6609451174736023,
        0.5267277359962463,
        0.5177872180938721,
        0.5633276700973511,
        0.44580838084220886,
        0.6134961843490601,
        0.5135823488235474,
        0.5434651374816895,
        0.5345700979232788,
        0.6132696270942688,
        0.6535906195640564,
        0.5692551136016846,
        0.579380214214325,
        0.46470537781715393,
        0.6291242837905884,
        0.6011965274810791,
        0.6110978722572327,
        0.6094539761543274,
        0.5216522216796875,
        0.5846427083015442,
        0.5622389912605286,
        0.5130290985107422,
        0.49052855372428894,
        0.5150492191314697,
        0.6431016325950623,
        0.48154181241989136,
        0.5905850529670715,
        0.5959983468055725
    ],