{
    "val_pearson": 0.3584221947066657,
    "id": "cv2",
    "y_pred": [
        0.5952160358428955,
        0.5594310164451599,
        0.5824081897735596,
        0.5452646613121033,
        0.564847469329834,
        0.5166545510292053,
        0.6022665500640869,
        0.5585328340530396,
        0.5552100539207458,
        0.5379741191864014,
        0.5303187966346741,
        0.5559827089309692,
        0.5799573063850403,
        0.5914101004600525,
        0.4708583354949951,
        0.5872839093208313,
        0.4966368079185486,
        0.5565199255943298,
        0.6825698018074036,
        0.47726312279701233,
        0.5679465532302856,
        0.6238588094711304,
        0.544494092464447,
        0.5397825837135315,
        0.5483256578445435,
        0.5618144869804382,
        0.4665115177631378,
        0.6148139238357544,
        0.5896449685096741,
        0.5731223225593567,
        0.5860772728919983,
        0.5361122488975525,
        0.562446653842926,
        0.5570971369743347,
        0.5299420356750488,
        0.544047474861145,
        0.5617329478263855,
        0.5353975892066956,
        0.5404793620109558,
        0.5331746339797974,
        0.5470502972602844,
        0.5830480456352234,
        0.5867408514022827,
        0.5491986274719238,
        0.5887058973312378,
        0.6260107159614563,
        0.4823138117790222,
        0.5174779295921326,
        0.58644700050354,
        0.5492925047874451,
        0.5410493612289429,
        0.6365724205970764,
        0.5644752383232117,
        0.5214931964874268,
        0.5396058559417725,
        0.4911191463470459,
        0.5261088013648987,
        0.5074110627174377,
        0.6001113057136536,
        0.5351473689079285,
        0.6048215627670288,
        0.5892950892448425,
        0.4998820722103119,
        0.6145723462104797,
        0.47929924726486206,
        0.6372791528701782,
        0.575809895992279,
        0.37715256214141846,
        0.6577891111373901,
        0.4514528214931488,
        0.5961107611656189,
        0.4845864176750183,
        0.6434620022773743,
        0.6570429801940918,
        0.6343981623649597,
        0.5442793965339661,
        0.691897451877594,
        0.6913964152336121,
        0.6769828200340271,
        0.5348471999168396,
        0.486960232257843,
        0.5925145149230957,
        0.6073108911514282,
        0.7126690745353699,
        0.6045584082603455,
        0.6263562440872192,
        0.6623796224594116,
        0.5732436776161194,
        0.5192052125930786,
        0.6326799392700195,
        0.5043947696685791,
        0.6284504532814026,
        0.5575557351112366,
        0.4749540686607361,
        0.42015761137008667,
        0.43896591663360596,
        0.411059707403183,
        0.4472452998161316,
        0.633370578289032,
        0.6255281567573547,
        0.46369487047195435,
        0.5242477655410767,
        0.5745292901992798,
        0.7549164295196533,
        0.558718204498291,
        0.5199971199035645,
        0.7157713174819946,
        0.5522927045822144,
        0.5824029445648193,
        0.6051650047302246,
        0.5508973002433777,
        0.5254577398300171,
        0.4745442569255829,
        0.47562772035598755,
        0.45393529534339905,
        0.4632798731327057,
        0.5816531181335449,
        0.38611283898353577,
        0.4204804301261902,
        0.5945825576782227,
        0.6464120745658875,
        0.6647285223007202,
        0.651897668838501,
        0.5748572945594788,
        0.644018292427063,
        0.6449477076530457,
        0.6159145832061768,
        0.5533471703529358,
        0.5749508142471313,
        0.6422632336616516,
        0.6598777770996094,
        0.7360411286354065,
        0.5457844138145447,
        0.624198317527771,
        0.5810296535491943,
        0.5880801677703857,
        0.5492323637008667,
        0.5420966744422913,
        0.5222939252853394,
        0.5119438171386719,
        0.5056897401809692,
        0.5966699123382568,
        0.5546177625656128,
        0.5546624660491943,
        0.668231189250946,
        0.6091163158416748,
        0.5766642689704895,
        0.490754097700119,
        0.6194617748260498,
        0.4457012414932251,
        0.6300458312034607,
        0.5463252067565918,
        0.4571768641471863,
        0.5227552652359009,
        0.6046631336212158,
        0.615047037601471,
        0.6374093294143677,
        0.526175320148468,
        0.5874266028404236,
        0.5769184231758118,
        0.5831241011619568,
        0.5508993268013,
        0.460037499666214,
        0.5236080288887024,
        0.46500182151794434,
        0.5930683016777039,
        0.44022151827812195,
        0.5201632380485535,
        0.5716040730476379,
        0.4412197768688202,
        0.5179527401924133,
        0.5621184706687927,
        0.5523408055305481
    ],