{
    "val_pearson": 0.35236217829679783,
    "id": "cv0",
    "y_pred": [
        0.533528208732605,
        0.5326058268547058,
        0.5593377351760864,
        0.535320520401001,
        0.5644531846046448,
        0.5545966029167175,
        0.4853512942790985,
        0.5780845880508423,
        0.5490165948867798,
        0.5635955333709717,
        0.5809009075164795,
        0.5755638480186462,
        0.523777186870575,
        0.5513636469841003,
        0.5486875772476196,
        0.5560731887817383,
        0.535438597202301,
        0.5754796862602234,
        0.5782904624938965,
        0.5325464010238647,
        0.5547010898590088,
        0.5339009165763855,
        0.5837172269821167,
        0.5597100257873535,
        0.5345725417137146,
        0.5655754208564758,
        0.5866070985794067,
        0.537297785282135,
        0.5414491891860962,
        0.5267831087112427,
        0.5699577927589417,
        0.5867137312889099,
        0.5540021061897278,
        0.5113281011581421,
        0.5267195105552673,
        0.5232966542243958,
        0.5197101831436157,
        0.5717247724533081,
        0.5465696454048157,
        0.5637387037277222,
        0.5392721891403198,
        0.5818354487419128,
        0.5851765275001526,
        0.535660982131958,
        0.5437674522399902,
        0.5442644953727722,
        0.5393329858779907,
        0.5715095400810242,
        0.5613096356391907,
        0.5500099062919617,
        0.5498567819595337,
        0.5661314725875854,
        0.4896537959575653,
        0.5311130285263062,
        0.5572076439857483,
        0.5473862290382385,
        0.5797722935676575,
        0.5638812184333801,
        0.5915794968605042,
        0.4953449070453644,
        0.4726996123790741,
        0.42515307664871216,
        0.5803015232086182,
        0.5835599303245544,
        0.6623618006706238,
        0.70611572265625,
        0.48541930317878723,
        0.43852394819259644,
        0.6601428985595703,
        0.4977841079235077,
        0.4855060577392578,
        0.6815555691719055,
        0.5097317099571228,
        0.6642643213272095,
        0.6107454895973206,
        0.5975002646446228,
        0.6320339441299438,
        0.6334366798400879,
        0.6521291732788086,
        0.568250834941864,
        0.6317896246910095,
        0.5332991480827332,
        0.5303452610969543,
        0.580810546875,
        0.5653496384620667,
        0.6114968657493591,
        0.5970417261123657,
        0.6119029521942139,
        0.5512136220932007,
        0.5539772510528564,
        0.613621711730957,
        0.5163629055023193,
        0.5736597776412964,
        0.5662752985954285,
        0.4297308623790741,
        0.6201732754707336,
        0.62190181016922,
        0.5870355367660522,
        0.5043346881866455,
        0.5831820368766785,
        0.5554993748664856,
        0.5348944664001465,
        0.6171783804893494,
        0.5489229559898376,
        0.5910571217536926,
        0.6666073799133301,
        0.5708580017089844,
        0.7346941232681274,
        0.6144076585769653,
        0.5717892050743103,
        0.5123095512390137,
        0.3810974061489105,
        0.5414431691169739,
        0.505325198173523,
        0.5000800490379333,
        0.39437779784202576,
        0.3631889820098877,
        0.6243059039115906,
        0.5461974143981934,
        0.4527343511581421,
        0.5467023253440857,
        0.5465572476387024,
        0.6605232954025269,
        0.6118987798690796,
        0.6048545241355896,
        0.6058531403541565,
        0.5749679803848267,
        0.5976482033729553,
        0.5764099955558777,
        0.6304948329925537,
        0.5488093495368958,
        0.6116870045661926,
        0.5540093183517456,
        0.7250352501869202,
        0.6091921329498291,
        0.6207167506217957,
        0.44235196709632874,
        0.536637008190155,
        0.4313680827617645,
        0.5973100662231445,
        0.4920644760131836,
        0.5318439602851868,
        0.5789734125137329,
        0.5854431986808777,
        0.6807912588119507,
        0.6520029902458191,
        0.5156688094139099,
        0.5109506845474243,
        0.5976741313934326,
        0.424730509519577,
        0.6200180053710938,
        0.5120235085487366,
        0.5369706749916077,
        0.5591943860054016,
        0.6476643085479736,
        0.6775296926498413,
        0.5341327786445618,
        0.578801155090332,
        0.44773000478744507,
        0.6349798440933228,
        0.6085906624794006,
        0.5956352949142456,
        0.638801097869873,
        0.5066984295845032,
        0.6012179851531982,
        0.5682936906814575,
        0.4823835790157318,
        0.4358833432197571,
        0.4983946681022644,
        0.6030368804931641,
        0.43455612659454346,
        0.5738620162010193,
        0.5547374486923218
    ],