{
    "pearson": 0.3428769651643514,
    "id": "cv0",
    "y_pred": [
        0.06159501385601883,
        0.010448266180828157,
        0.08451653703538063,
        0.07499634037004618,
        0.07897930306829398,
        0.08634916962065303,
        0.02905235218147323,
        0.07488827469833556,
        0.010678089858849143,
        0.09814071750508387,
        0.11652466598476971,
        0.11099219074167377,
        0.13351433475201213,
        0.0025335575591599203,
        0.08166282960030458,
        0.0642281182689049,
        0.12481781847151817,
        0.07870274434648639,
        0.057132017318474816,
        0.0708679649252708,
        0.08841607482904437,
        0.05234206559400492,
        0.11372307901193514,
        0.10259308456510968,
        0.07688029266079079,
        0.07186439491682511,
        0.10843067473812278,
        0.03206605104012317,
        0.10016055336163304,
        0.0637506953482988,
        0.0934608984845442,
        0.1092013563738726,
        0.09807235526093973,
        0.08127694369049981,
        0.08022196875749271,
        0.010581967192403618,
        0.10109428358072094,
        0.06460102835424794,
        0.052974416952924396,
        0.075292665818549,
        0.09272285044967861,
        0.08134284336638181,
        0.05351850127332464,
        0.06564990154867605,
        0.10860001783419221,
        0.047626913731408066,
        0.02578170529684688,
        0.042584546454655245,
        0.02488810715523567,
        0.08490689148223596,
        0.08989531659882886,
        0.06729229717498247,
        0.06134737716514223,
        0.07314413155999092,
        0.0614847433116472,
        0.06290691734047703,
        0.040804469803133805,
        0.03581207626592279,
        0.06922084624572263,
        0.0629656436569039,
        0.06362903981968364,
        0.04996375040025723,
        0.06423869355961448,
        0.06362903981968364,
        0.12646817781114283,
        0.1629197061697598,
        0.12849350889742728,
        0.13565281488772096,
        0.07714004296193455,
        0.11975906272163794,
        0.10501229384575025,
        0.1067393658335126,
        0.13314725849106931,
        0.07385594036936523,
        0.0797428730627395,
        0.09394379049062844,
        0.0950142663060702,
        0.17001071277983262,
        0.15407847927772025,
        0.12682158987722703,
        0.13633788330019175,
        0.1425868391123529,
        0.13919441448113942,
        0.1067022181205741,
        0.1322970295593307,
        0.13532945325636941,
        0.1187857894929712,
        0.09563661993812514,
        0.11161627224957804,
        0.11940067808811651,
        0.13096766399201792,
        0.13454585986178455,
        0.1056923568764934,
        0.11185108306722584,
        0.10399116885113316,
        0.11492721766482157,
        0.10896047600996232,
        0.11404428110559937,
        0.1049906385450733,
        0.21846304607911612,
        0.25244276131896315,
        0.09602063296197863,
        0.14142459532738996,
        0.26311107197279054,
        0.15268066406446437,
        0.07691373087355938,
        0.10230535991191862,
        0.11649957433078482,
        0.20038788725268547,
        0.21909567484384124,
        0.13088234466207596,
        0.21870192116586193,
        0.10381714978199215,
        0.12868846474432832,
        0.09769152783035841,
        0.08819153119098548,
        0.15023287751708075,
        0.1536978680779684,
        0.1672682031608783,
        0.17230270257354097,
        0.09378692426794276,
        0.23874407899056901,
        0.15415712969143777,
        0.10782064185243471,
        0.09924677177591301,
        0.1022647805390254,
        0.13697493255886983,
        0.12856705231648205,
        0.17130594897094517,
        0.17661939123006978,
        0.1733366915775091,
        0.12128516967322155,
        0.1159737687533176,
        0.13868991457254803,
        0.15220311343593115,
        0.12321385796350183,
        0.12451667881674615,
        0.10787033360340251,
        0.11947572921107534,
        0.08251598494776487,
        0.16334126881248867,
        0.10113056518879275,
        0.12374826062671462,
        0.10092421131854178,
        0.08880787557484825,
        0.10269803218053676
    ],
    "y_test": [
        0.5,
        0.3461538461538461,
        0.6153846153846154,
        0.5,
        0.6923076923076923,
        0.3846153846153846,
        0.3076923076923077,
        0.8846153846153846,
        0.2692307692307692,
        0.5384615384615384,
        0.5769230769230769,
        0.5,
        0.6153846153846154,
        0.2692307692307692,
        0.7692307692307693,
        0.4230769230769231,
        0.7307692307692307,
        0.5,
        0.4615384615384615,
        0.6153846153846154,
        0.7307692307692307,
        0.4615384615384615,
        0.6923076923076923,
        0.7307692307692307,
        0.4615384615384615,
        0.3076923076923077,
        0.4615384615384615,
        0.7307692307692307,
        0.7307692307692307,
        0.9230769230769232,
        0.8461538461538461,
        0.7692307692307693,
        0.5769230769230769,
        0.7307692307692307,
        0.6538461538461539,
        0.4615384615384615,
        0.4230769230769231,
        0.5384615384615384,
        0.6923076923076923,
        0.4230769230769231,
        0.8461538461538461,
        0.6923076923076923,
        0.7307692307692307,
        0.4615384615384615,
        0.8076923076923077,
        0.3846153846153846,
        0.6153846153846154,
        0.3846153846153846,
        0.0769230769230769,
        0.6538461538461539,
        0.8461538461538461,
        0.5384615384615384,
        0.75,
        0.75,
        0.3958333333333333,
        0.5208333333333334,
        0.5,
        0.5416666666666666,
        0.6666666666666666,
        0.4375,
        0.359375,
        0.390625,
        0.421875,
        0.421875,
        0.6477272726999999,
        0.6897727272999999,
        0.5334090909,
        0.6675,
        0.685,
        0.8334090908999999,
        0.7220454545,
        0.8372727272999999,
        0.4152272727,
        0.6765909091000001,
        0.6911363636,
        0.2554545455,
        0.6522727273000001,
        0.6653999999999999,
        0.6213000000000001,
        0.4639,
        0.7303999999999999,
        0.5519,
        0.7286,
        0.7128,
        0.4804,
        0.4817,
        0.6728000000000001,
        0.6940000000000001,
        0.4042,
        0.5018,
        0.5737,
        0.3752,
        0.4897999999999999,
        0.5856,
        0.3468,
        0.5396,
        0.5667,
        0.7062,
        0.5134000000000001,
        0.901041666667,
        0.671875,
        0.390625,
        0.619791666667,
        0.6510416666669999,
        0.4583333333329999,
        0.510416666667,
        0.3802083333329999,
        0.7708333333330001,
        0.765625,
        0.701923076923,
        0.581730769231,
        0.711538461538,
        0.5144230769229999,
        0.682692307692,
        0.451923076923,
        0.5,
        0.793269230769,
        0.778846153846,
        0.735576923077,
        0.778846153846,
        0.677884615385,
        0.6105769230770001,
        0.692307692308,
        0.673076923077,
        0.769230769231,
        0.539772727273,
        0.6647727272730001,
        0.443181818182,
        0.4177945641169999,
        0.6404200025119999,
        0.629883689323,
        0.688897465761,
        0.435297988172,
        0.403165774163,
        0.7026789188179999,
        0.718496654047,
        0.72206056699,
        0.49394373533,
        0.441539563561,
        0.540210831471,
        0.379850966507,
        0.6520602663049999,
        0.6715115809240001,
        0.6631651871529999,
        0.3470937926889999,
        0.374876806217
    ],
    "r2_score": -9.261277518567395,
    "rmse": 0.5002702242193269,
    "kendall": 0.19274514998657677
}