Predicted_Experimental_Values,Ground_Truth,MAE
0.39266402,0.52272725,0.13006324
0.36923543,0.13636364,0.23287179
0.36923537,0.20454545,0.16468991
