{
    "val_pearson": 0.6052844909698487,
    "id": "cv1",
    "y_pred": [
        0.5911762714385986,
        0.5560634732246399,
        0.5507340431213379,
        0.5543096661567688,
        0.5699792504310608,
        0.5936256051063538,
        0.5283539295196533,
        0.5028376579284668,
        0.5403512120246887,
        0.4646548926830292,
        0.5542014837265015,
        0.452455997467041,
        0.4446814954280853,
        0.5223848819732666,
        0.5586161017417908,
        0.5187274217605591,
        0.6073031425476074,
        0.5837283134460449,
        0.5715155005455017,
        0.5638859272003174,
        0.530087411403656,
        0.5064182877540588,
        0.4775814116001129,
        0.45532622933387756,
        0.40781664848327637,
        0.5451216101646423,
        0.5499407649040222,
        0.5230105519294739,
        0.5097881555557251,
        0.5606436133384705,
        0.509208083152771,
        0.5584354996681213,
        0.5442613959312439,
        0.5721639394760132,
        0.5373055934906006,
        0.5444639921188354,
        0.5096316337585449,
        0.5472883582115173,
        0.5907260775566101,
        0.518409013748169,
        0.503654956817627,
        0.5858415365219116,
        0.43018674850463867,
        0.5834415555000305,
        0.556603729724884,
        0.5802850127220154,
        0.5330169200897217,
        0.59079909324646,
        0.473972886800766,
        0.5626313090324402,
        0.5914166569709778,
        0.548947274684906,
        0.5832828879356384,
        0.538228452205658,
        0.519832968711853,
        0.5952742099761963,
        0.582339882850647,
        0.4288722574710846,
        0.5467543005943298,
        0.6065109968185425,
        0.4384191334247589,
        0.6183328032493591,
        0.6914361715316772,
        0.659721851348877,
        0.4997146725654602,
        0.4143275320529938,
        0.6516357064247131,
        0.5280425548553467,
        0.6554684042930603,
        0.6620900630950928,
        0.5411624312400818,
        0.670609712600708,
        0.44834986329078674,
        0.7248280644416809,
        0.6015289425849915,
        0.7381417751312256,
        0.6607658863067627,
        0.6517977118492126,
        0.5578647255897522,
        0.4149251878261566,
        0.6452420353889465,
        0.6091294884681702,
        0.583271861076355,
        0.5084575414657593,
        0.6142493486404419,
        0.5364030003547668,
        0.4929453134536743,
        0.6141645312309265,
        0.68849778175354,
        0.5341746807098389,
        0.5382723808288574,
        0.5189595222473145,
        0.5276191830635071,
        0.4718109667301178,
        0.4726349413394928,
        0.5334569811820984,
        0.7749353051185608,
        0.4874862730503082,
        0.4988457262516022,
        0.5213180780410767,
        0.40309351682662964,
        0.6210488080978394,
        0.61772620677948,
        0.43404680490493774,
        0.47525641322135925,
        0.5678942799568176,
        0.7465543150901794,
        0.7258710265159607,
        0.6643427610397339,
        0.6461897492408752,
        0.5320360064506531,
        0.4674026370048523,
        0.3048994243144989,
        0.36939001083374023,
        0.49623191356658936,
        0.6326847672462463,
        0.6390771865844727,
        0.37569770216941833,
        0.349625825881958,
        0.5574835538864136,
        0.6651638746261597,
        0.5404261350631714,
        0.6004086136817932,
        0.7013763785362244,
        0.6377342939376831,
        0.6266560554504395,
        0.5457165241241455,
        0.5303940773010254,
        0.593306303024292,
        0.6080983877182007,
        0.5097677707672119,
        0.49292734265327454,
        0.6620403528213501,
        0.7972770929336548,
        0.5636404752731323,
        0.5888668894767761,
        0.5957483649253845,
        0.5700392127037048,
        0.47528699040412903,
        0.5116473436355591,
        0.653921902179718,
        0.5473276972770691,
        0.6525014042854309,
        0.465200275182724,
        0.4601381719112396,
        0.6508194208145142,
        0.5286723375320435,
        0.5007272362709045,
        0.6286500692367554,
        0.5788982510566711,
        0.5588456392288208,
        0.5943214893341064,
        0.6076492071151733,
        0.563323974609375,
        0.5894968509674072,
        0.5287455320358276,
        0.5255664587020874,
        0.5086942911148071,
        0.4709978699684143,
        0.5242586731910706,
        0.5816072821617126,
        0.5178977251052856,
        0.582150936126709,
        0.5353227853775024,
        0.30109694600105286,
        0.5100246071815491,
        0.42992380261421204,
        0.5436321496963501,
        0.5159481763839722,
        0.569057047367096,
        0.5682029128074646,
        0.5442444086074829,
        0.5315767526626587
    ],