Predicted_Experimental_Values,Ground_Truth,MAE
0.41371378,0.52272725,0.10901347
0.3812392,0.13636364,0.24487557
0.38123918,0.20454545,0.17669372
