{
    "val_pearson": 0.4901390793062811,
    "id": "cv4",
    "y_pred": [
        0.570934534072876,
        0.5067397952079773,
        0.6094587445259094,
        0.5535628199577332,
        0.5515969395637512,
        0.4979091286659241,
        0.5519217848777771,
        0.5289458632469177,
        0.5877243280410767,
        0.512583315372467,
        0.5386797189712524,
        0.5626763701438904,
        0.5706503987312317,
        0.569769024848938,
        0.525422215461731,
        0.5809828042984009,
        0.5946212410926819,
        0.5559877753257751,
        0.5712452530860901,
        0.5560939311981201,
        0.5114988684654236,
        0.5389106869697571,
        0.5510267615318298,
        0.5743244886398315,
        0.553531289100647,
        0.5641533136367798,
        0.6465889811515808,
        0.5439004898071289,
        0.5266690850257874,
        0.474249929189682,
        0.4399504065513611,
        0.4290876090526581,
        0.5741183757781982,
        0.5239788293838501,
        0.5328804850578308,
        0.5173706412315369,
        0.5179613828659058,
        0.5997993350028992,
        0.5420821309089661,
        0.5491907000541687,
        0.5630770921707153,
        0.5202555060386658,
        0.5435307621955872,
        0.5045372247695923,
        0.5755608081817627,
        0.5546483397483826,
        0.5525529384613037,
        0.539093017578125,
        0.5288175940513611,
        0.5833409428596497,
        0.5433058142662048,
        0.530631959438324,
        0.5830225348472595,
        0.5818191766738892,
        0.5115209221839905,
        0.5180533528327942,
        0.5644148588180542,
        0.544470489025116,
        0.556727409362793,
        0.5014550685882568,
        0.5431670546531677,
        0.5806471109390259,
        0.7126989960670471,
        0.7123203277587891,
        0.6672847270965576,
        0.6864425539970398,
        0.42269012331962585,
        0.5059720277786255,
        0.45118334889411926,
        0.49010178446769714,
        0.661543071269989,
        0.5932490825653076,
        0.7160653471946716,
        0.4888462722301483,
        0.701001763343811,
        0.48611459136009216,
        0.6889942288398743,
        0.6818358302116394,
        0.6342024803161621,
        0.6663382649421692,
        0.41586706042289734,
        0.5001530647277832,
        0.6712342500686646,
        0.5251849293708801,
        0.5387606024742126,
        0.5966089963912964,
        0.6092162728309631,
        0.507244348526001,
        0.5664531588554382,
        0.40121978521347046,
        0.4063447117805481,
        0.5798200964927673,
        0.5561723113059998,
        0.57671719789505,
        0.5846499800682068,
        0.5605852603912354,
        0.5886236429214478,
        0.49575188755989075,
        0.44732969999313354,
        0.3970985412597656,
        0.4819704592227936,
        0.47466182708740234,
        0.461471289396286,
        0.47424423694610596,
        0.42876431345939636,
        0.5594049692153931,
        0.7040561437606812,
        0.7548888921737671,
        0.4041939675807953,
        0.4249145984649658,
        0.6041667461395264,
        0.6433370113372803,
        0.6827249526977539,
        0.6957154273986816,
        0.4135073721408844,
        0.5913683772087097,
        0.4346821904182434,
        0.453125923871994,
        0.3852187395095825,
        0.46539750695228577,
        0.5835838317871094,
        0.65700763463974,
        0.6283414363861084,
        0.5883893370628357,
        0.580046534538269,
        0.5913971662521362,
        0.7181070446968079,
        0.6326500177383423,
        0.6252904534339905,
        0.6250331997871399,
        0.6025440692901611,
        0.6057556867599487,
        0.5053772330284119,
        0.5661934018135071,
        0.6221455335617065,
        0.5960793495178223,
        0.6009050011634827,
        0.593643844127655,
        0.6071064472198486,
        0.6241162419319153,
        0.6823715567588806,
        0.7482694387435913,
        0.5915145874023438,
        0.5157373547554016,
        0.4333052337169647,
        0.5281490683555603,
        0.4305245578289032,
        0.46309947967529297,
        0.6236392259597778,
        0.6027435660362244,
        0.3783968687057495,
        0.6385319232940674,
        0.5928706526756287,
        0.5995343327522278,
        0.6116045713424683,
        0.5940510034561157,
        0.5744512677192688,
        0.604953944683075,
        0.6925243735313416,
        0.66318678855896,
        0.47086265683174133,
        0.469862163066864,
        0.49530404806137085,
        0.6925806999206543,
        0.4723746180534363,
        0.5164995789527893,
        0.5687958002090454,
        0.5903574824333191,
        0.5025084018707275,
        0.51286381483078,
        0.5122408866882324,
        0.5220704674720764,
        0.5197862386703491
    ],