{
    "val_pearson": 0.5478412366299427,
    "id": "cv1",
    "y_pred": [
        0.624110221862793,
        0.5648341178894043,
        0.5166695713996887,
        0.5834042429924011,
        0.5616434216499329,
        0.5645749568939209,
        0.5464053153991699,
        0.5763721466064453,
        0.5616827011108398,
        0.4147748351097107,
        0.6173270344734192,
        0.4444217383861542,
        0.5076931118965149,
        0.5592628121376038,
        0.5603331327438354,
        0.5299503207206726,
        0.6027778387069702,
        0.5352182388305664,
        0.5367400050163269,
        0.5421769022941589,
        0.5103155970573425,
        0.5512822866439819,
        0.5365074872970581,
        0.5248715281486511,
        0.4786752462387085,
        0.5675438642501831,
        0.5589125752449036,
        0.5713305473327637,
        0.5038744807243347,
        0.6103010177612305,
        0.5754451155662537,
        0.5452262163162231,
        0.5782889723777771,
        0.5916709303855896,
        0.5675981640815735,
        0.6177828907966614,
        0.507169783115387,
        0.5503172278404236,
        0.5743827819824219,
        0.5707224607467651,
        0.4733237326145172,
        0.5454006791114807,
        0.46923762559890747,
        0.542133629322052,
        0.5747194290161133,
        0.5820351839065552,
        0.5590305924415588,
        0.5726884603500366,
        0.508630096912384,
        0.5581086874008179,
        0.5893487334251404,
        0.4582410752773285,
        0.598631739616394,
        0.5464449524879456,
        0.5092756748199463,
        0.5274373888969421,
        0.5946515798568726,
        0.4832160770893097,
        0.6167677044868469,
        0.5807334184646606,
        0.4372957944869995,
        0.6482149362564087,
        0.5521413683891296,
        0.6435886025428772,
        0.43366241455078125,
        0.4512557089328766,
        0.5749721527099609,
        0.49496355652809143,
        0.522087574005127,
        0.5630185604095459,
        0.5516338348388672,
        0.613724946975708,
        0.4289589822292328,
        0.7258085608482361,
        0.6202219128608704,
        0.7131599187850952,
        0.6514418721199036,
        0.5850388407707214,
        0.6036311388015747,
        0.47351187467575073,
        0.6505001187324524,
        0.6052215695381165,
        0.561246931552887,
        0.4921341836452484,
        0.6284224390983582,
        0.5473138093948364,
        0.4933462142944336,
        0.6247233748435974,
        0.5878089666366577,
        0.5479256510734558,
        0.5545690655708313,
        0.5666055083274841,
        0.5189034342765808,
        0.47798749804496765,
        0.43253257870674133,
        0.535921573638916,
        0.7648231387138367,
        0.5004055500030518,
        0.4984346330165863,
        0.5157364010810852,
        0.42308473587036133,
        0.5984562635421753,
        0.6143739223480225,
        0.44456472992897034,
        0.43841278553009033,
        0.5272002220153809,
        0.7283565402030945,
        0.7141075730323792,
        0.7030938267707825,
        0.6528326869010925,
        0.5019806027412415,
        0.45477578043937683,
        0.41029709577560425,
        0.4417397379875183,
        0.5498382449150085,
        0.6571503281593323,
        0.6029394268989563,
        0.4271702170372009,
        0.41520217061042786,
        0.6025568842887878,
        0.5877277255058289,
        0.5893766283988953,
        0.6315467953681946,
        0.5951817035675049,
        0.6086204648017883,
        0.6376498937606812,
        0.578648030757904,
        0.445264607667923,
        0.5649523138999939,
        0.5385008454322815,
        0.5593866109848022,
        0.5157387852668762,
        0.5601990818977356,
        0.6579894423484802,
        0.5625627636909485,
        0.5869272947311401,
        0.6147550344467163,
        0.5833045244216919,
        0.4812695384025574,
        0.5178581476211548,
        0.6103783845901489,
        0.5609286427497864,
        0.5933887958526611,
        0.48002272844314575,
        0.45307886600494385,
        0.6205604076385498,
        0.5288394689559937,
        0.5150179266929626,
        0.5935769081115723,
        0.5753060579299927,
        0.5812857747077942,
        0.6005237102508545,
        0.5852080583572388,
        0.5481475591659546,
        0.5595774054527283,
        0.5276802182197571,
        0.5261418223381042,
        0.5060620903968811,
        0.4909701645374298,
        0.5111700296401978,
        0.6007866263389587,
        0.5217951536178589,
        0.5952073335647583,
        0.5771543383598328,
        0.3332201838493347,
        0.5061590075492859,
        0.4447297751903534,
        0.539551854133606,
        0.5395317673683167,
        0.5928835868835449,
        0.5551841259002686,
        0.5531126260757446,
        0.560305655002594
    ],