{
    "val_pearson": 0.23296345117491896,
    "id": "cv0",
    "y_pred": [
        0.5684325098991394,
        0.5385204553604126,
        0.5617985725402832,
        0.5490017533302307,
        0.5528152585029602,
        0.5454668402671814,
        0.5241048336029053,
        0.561516523361206,
        0.5572435259819031,
        0.5511301159858704,
        0.5721619129180908,
        0.5685758590698242,
        0.5406978130340576,
        0.5571983456611633,
        0.5483427047729492,
        0.5223168134689331,
        0.5744821429252625,
        0.5692119002342224,
        0.5650141835212708,
        0.5475846529006958,
        0.5379754304885864,
        0.5864183306694031,
        0.5538442730903625,
        0.5650053024291992,
        0.5227640867233276,
        0.5494786500930786,
        0.5721936821937561,
        0.534612238407135,
        0.5735739469528198,
        0.5440007448196411,
        0.5602697134017944,
        0.58876633644104,
        0.5771549344062805,
        0.55336594581604,
        0.5255928635597229,
        0.5451602935791016,
        0.5399377942085266,
        0.5683544278144836,
        0.5450681447982788,
        0.5471492409706116,
        0.580664873123169,
        0.5596840977668762,
        0.5634997487068176,
        0.533440351486206,
        0.5443888902664185,
        0.5574398040771484,
        0.5479827523231506,
        0.5425773859024048,
        0.5626848936080933,
        0.5720758438110352,
        0.5568183064460754,
        0.5710466504096985,
        0.5341864824295044,
        0.5371536016464233,
        0.5568572878837585,
        0.5396398305892944,
        0.5330194234848022,
        0.5484479665756226,
        0.5553074479103088,
        0.5227268934249878,
        0.5227743983268738,
        0.47943323850631714,
        0.5561903715133667,
        0.5528177618980408,
        0.604521632194519,
        0.6063584685325623,
        0.5221303701400757,
        0.4683360457420349,
        0.590004563331604,
        0.5081956386566162,
        0.5021798014640808,
        0.6071425676345825,
        0.5287829041481018,
        0.5967930555343628,
        0.5636184811592102,
        0.5881263613700867,
        0.5819077491760254,
        0.5870528817176819,
        0.6023871898651123,
        0.565068781375885,
        0.5558561682701111,
        0.5311318635940552,
        0.528125524520874,
        0.5585668087005615,
        0.5596447587013245,
        0.5851394534111023,
        0.5798608660697937,
        0.5374698638916016,
        0.5822467803955078,
        0.5678342580795288,
        0.5909245610237122,
        0.5256310701370239,
        0.5621419548988342,
        0.5645468235015869,
        0.4765653908252716,
        0.584052324295044,
        0.5810096263885498,
        0.577711820602417,
        0.5049816966056824,
        0.5685462951660156,
        0.5496110916137695,
        0.5369804501533508,
        0.5872195363044739,
        0.5448083281517029,
        0.5784851312637329,
        0.6200934648513794,
        0.5674046874046326,
        0.6489492654800415,
        0.6011541485786438,
        0.564069390296936,
        0.544559895992279,
        0.42662832140922546,
        0.5717925429344177,
        0.5250942707061768,
        0.5497297644615173,
        0.4680033326148987,
        0.44876059889793396,
        0.5819626450538635,
        0.5482754707336426,
        0.49810895323753357,
        0.5441145896911621,
        0.5579046010971069,
        0.5850310325622559,
        0.5671701431274414,
        0.5562231540679932,
        0.5519059300422668,
        0.554211437702179,
        0.5600905418395996,
        0.5552783608436584,
        0.6061347723007202,
        0.5624990463256836,
        0.5728926658630371,
        0.5370458364486694,
        0.6340108513832092,
        0.5945143103599548,
        0.5819352865219116,
        0.48290687799453735,
        0.5421212315559387,
        0.4893409311771393,
        0.567838191986084,
        0.5088517069816589,
        0.5331273078918457,
        0.5503629446029663,
        0.5623340606689453,
        0.634952187538147,
        0.61762535572052,
        0.5344633460044861,
        0.5202719569206238,
        0.5820420384407043,
        0.47753626108169556,
        0.5944423079490662,
        0.5119464993476868,
        0.5453090071678162,
        0.5423644781112671,
        0.5997775197029114,
        0.6282339692115784,
        0.5432465672492981,
        0.5593749284744263,
        0.4980131685733795,
        0.6090307235717773,
        0.5387794375419617,
        0.5630158185958862,
        0.5788246989250183,
        0.5301629900932312,
        0.5678481459617615,
        0.5566047430038452,
        0.5238677859306335,
        0.48838141560554504,
        0.5291674733161926,
        0.584616482257843,
        0.48948660492897034,
        0.5599001049995422,
        0.536389172077179
    ],