{
    "val_pearson": 0.2425319863078626,
    "id": "cv2",
    "y_pred": [
        0.5517884492874146,
        0.5243821144104004,
        0.5669789910316467,
        0.5956681966781616,
        0.566844642162323,
        0.5862982869148254,
        0.590959906578064,
        0.545659601688385,
        0.5755138397216797,
        0.578222930431366,
        0.5525922775268555,
        0.5483068823814392,
        0.5981530547142029,
        0.5457251071929932,
        0.550329864025116,
        0.5545531511306763,
        0.5084257125854492,
        0.543709397315979,
        0.6574954986572266,
        0.5511714220046997,
        0.5645766258239746,
        0.5820053219795227,
        0.5483865141868591,
        0.5749906301498413,
        0.5649281740188599,
        0.5967372059822083,
        0.5266849994659424,
        0.5545618534088135,
        0.5713784694671631,
        0.602000892162323,
        0.6043713688850403,
        0.577318549156189,
        0.5516730546951294,
        0.5818864107131958,
        0.5594032406806946,
        0.5206462144851685,
        0.5886412262916565,
        0.5213761329650879,
        0.5366335511207581,
        0.5465258359909058,
        0.5517789721488953,
        0.5734739899635315,
        0.5432403087615967,
        0.5594092011451721,
        0.5880717039108276,
        0.57344651222229,
        0.5449116230010986,
        0.508643388748169,
        0.568859338760376,
        0.5410176515579224,
        0.5379014015197754,
        0.5467360019683838,
        0.5334522128105164,
        0.5378133058547974,
        0.5375385880470276,
        0.5119684934616089,
        0.5328447222709656,
        0.5414074659347534,
        0.5613440275192261,
        0.5433827042579651,
        0.530666172504425,
        0.5844252109527588,
        0.5273959040641785,
        0.6111895442008972,
        0.49389371275901794,
        0.6095907092094421,
        0.5982235670089722,
        0.42603474855422974,
        0.635042130947113,
        0.4534075856208801,
        0.5904638171195984,
        0.46216487884521484,
        0.6088986992835999,
        0.611217737197876,
        0.4796876609325409,
        0.4660578966140747,
        0.6274980902671814,
        0.6291117668151855,
        0.6088006496429443,
        0.49189767241477966,
        0.4571344256401062,
        0.5801423192024231,
        0.604950487613678,
        0.6522538661956787,
        0.5663818717002869,
        0.5791804194450378,
        0.6148006319999695,
        0.5540578961372375,
        0.5446078777313232,
        0.5834656953811646,
        0.5206907391548157,
        0.5945836305618286,
        0.5744317173957825,
        0.498970627784729,
        0.464155912399292,
        0.4684087038040161,
        0.46650832891464233,
        0.4915819466114044,
        0.599997341632843,
        0.6156242489814758,
        0.4972461760044098,
        0.5486272573471069,
        0.5676274299621582,
        0.6753792762756348,
        0.5564184784889221,
        0.5123116970062256,
        0.6748149991035461,
        0.5256369709968567,
        0.5619394779205322,
        0.5558326244354248,
        0.5851733088493347,
        0.5339049696922302,
        0.5294969081878662,
        0.4946401119232178,
        0.5193779468536377,
        0.4947766959667206,
        0.6232538223266602,
        0.42263805866241455,
        0.4455147683620453,
        0.5732656717300415,
        0.5819549560546875,
        0.5815635919570923,
        0.5689480304718018,
        0.5403100252151489,
        0.574614405632019,
        0.5754684805870056,
        0.5845196843147278,
        0.5335587859153748,
        0.5850628018379211,
        0.6017250418663025,
        0.6170068383216858,
        0.5997130870819092,
        0.5582356452941895,
        0.530357301235199,
        0.5828917622566223,
        0.5703268051147461,
        0.5384554862976074,
        0.5430256724357605,
        0.5237331390380859,
        0.5268243551254272,
        0.5275688171386719,
        0.5663506388664246,
        0.5483627915382385,
        0.53513103723526,
        0.6189332604408264,
        0.5895031094551086,
        0.5764029622077942,
        0.5282562375068665,
        0.5945280194282532,
        0.4878007173538208,
        0.5985678434371948,
        0.5753198266029358,
        0.4436534643173218,
        0.5877883434295654,
        0.6228474378585815,
        0.6007087826728821,
        0.588559627532959,
        0.560390830039978,
        0.6245043873786926,
        0.6020313501358032,
        0.6169769167900085,
        0.5284319519996643,
        0.4992046654224396,
        0.4185219407081604,
        0.5087281465530396,
        0.5829532146453857,
        0.4908134639263153,
        0.5430296659469604,
        0.5784478187561035,
        0.5268741250038147,
        0.5183234810829163,
        0.5772910714149475,
        0.5434324145317078
    ],