{
    "val_pearson": 0.5707157139823574,
    "id": "cv3",
    "y_pred": [
        0.5619997978210449,
        0.48202526569366455,
        0.5498518347740173,
        0.5852578282356262,
        0.5104486346244812,
        0.5522885918617249,
        0.45620197057724,
        0.5159255266189575,
        0.5162562131881714,
        0.5775786638259888,
        0.6116665005683899,
        0.4674215018749237,
        0.5935133099555969,
        0.5459607243537903,
        0.5355456471443176,
        0.5728064179420471,
        0.5696855187416077,
        0.5139679312705994,
        0.5727775692939758,
        0.511572003364563,
        0.5977193117141724,
        0.5475650429725647,
        0.5758119821548462,
        0.6042138338088989,
        0.5446226000785828,
        0.5730725526809692,
        0.47084614634513855,
        0.5106221437454224,
        0.5156944394111633,
        0.5399828553199768,
        0.5551336407661438,
        0.5343883633613586,
        0.45144644379615784,
        0.5723575353622437,
        0.550139844417572,
        0.5256564617156982,
        0.5706096291542053,
        0.6299489736557007,
        0.5548647046089172,
        0.5466185808181763,
        0.4893375635147095,
        0.5752519965171814,
        0.5779420733451843,
        0.5782503485679626,
        0.5208203196525574,
        0.5693621635437012,
        0.5547268986701965,
        0.5240634679794312,
        0.5244251489639282,
        0.5778318643569946,
        0.5927141308784485,
        0.5420424938201904,
        0.5478512644767761,
        0.5372797250747681,
        0.6160190105438232,
        0.5529912710189819,
        0.5643349289894104,
        0.5663486123085022,
        0.5715706944465637,
        0.533528208732605,
        0.5360880494117737,
        0.5707651972770691,
        0.3891626000404358,
        0.7191575765609741,
        0.5629342198371887,
        0.3497377932071686,
        0.3497451841831207,
        0.6035923361778259,
        0.6195679903030396,
        0.5702301859855652,
        0.5934558510780334,
        0.5902163982391357,
        0.6328709125518799,
        0.635145366191864,
        0.6393331289291382,
        0.528468668460846,
        0.6075778007507324,
        0.6474599838256836,
        0.4343494176864624,
        0.6615779995918274,
        0.5934783220291138,
        0.5227141380310059,
        0.6903806328773499,
        0.6436545252799988,
        0.5195260047912598,
        0.4841606020927429,
        0.66270911693573,
        0.6080963015556335,
        0.4361775815486908,
        0.6569371223449707,
        0.5377666354179382,
        0.5470686554908752,
        0.6291787624359131,
        0.41311177611351013,
        0.43508487939834595,
        0.4760749340057373,
        0.5684940218925476,
        0.6380946040153503,
        0.4432322382926941,
        0.50279700756073,
        0.4697794020175934,
        0.45968419313430786,
        0.4581953287124634,
        0.5283092856407166,
        0.6376534104347229,
        0.5862563848495483,
        0.6352138519287109,
        0.4953215718269348,
        0.6965042352676392,
        0.4213666021823883,
        0.5691885352134705,
        0.530160129070282,
        0.6078614592552185,
        0.7590442299842834,
        0.5178543329238892,
        0.49795010685920715,
        0.09686562418937683,
        0.4524312913417816,
        0.5004424452781677,
        0.6332739591598511,
        0.6566596031188965,
        0.6777308583259583,
        0.5251644849777222,
        0.568354606628418,
        0.5895006656646729,
        0.5419265031814575,
        0.6116365194320679,
        0.6183925867080688,
        0.5156009793281555,
        0.5152472257614136,
        0.6138553619384766,
        0.5550961494445801,
        0.581795871257782,
        0.5854062438011169,
        0.4035760760307312,
        0.4506498873233795,
        0.45729443430900574,
        0.5289188027381897,
        0.576146125793457,
        0.7499444484710693,
        0.6101029515266418,
        0.6376534104347229,
        0.6496339440345764,
        0.6836771368980408,
        0.7005385756492615,
        0.7062342166900635,
        0.5614797472953796,
        0.5242185592651367,
        0.6523823738098145,
        0.42685216665267944,
        0.6272209882736206,
        0.6596335768699646,
        0.46077850461006165,
        0.5811687707901001,
        0.5381469130516052,
        0.6074511408805847,
        0.6704495549201965,
        0.5877060294151306,
        0.5820878148078918,
        0.3680207133293152,
        0.5213384628295898,
        0.45434167981147766,
        0.4232102036476135,
        0.5026851892471313,
        0.6261844635009766,
        0.37615323066711426,
        0.6382899880409241,
        0.5152807235717773,
        0.6409515142440796,
        0.46765053272247314,
        0.46799734234809875,
        0.5221731066703796,
        0.6004207134246826
    ],