{
    "val_pearson": 0.5483404656298176,
    "id": "cv1",
    "y_pred": [
        0.5772613286972046,
        0.5405735373497009,
        0.5765307545661926,
        0.551972508430481,
        0.5715326070785522,
        0.5983893275260925,
        0.491687148809433,
        0.5136201977729797,
        0.574339747428894,
        0.46213391423225403,
        0.5144653916358948,
        0.45623600482940674,
        0.5389043092727661,
        0.5865728259086609,
        0.5526023507118225,
        0.5533819794654846,
        0.6066166162490845,
        0.5723506212234497,
        0.5446066856384277,
        0.4884393811225891,
        0.5088561177253723,
        0.5458073019981384,
        0.5275288820266724,
        0.5700867772102356,
        0.426435649394989,
        0.5174208879470825,
        0.5724189281463623,
        0.5205524563789368,
        0.5216929912567139,
        0.5870401859283447,
        0.5351597666740417,
        0.5489146709442139,
        0.5712940692901611,
        0.568271815776825,
        0.5585006475448608,
        0.5827400088310242,
        0.5667224526405334,
        0.5668987035751343,
        0.5792233943939209,
        0.5428176522254944,
        0.4737231135368347,
        0.5665209293365479,
        0.4078100621700287,
        0.5386223793029785,
        0.5537892580032349,
        0.5793272852897644,
        0.5247935056686401,
        0.5571655631065369,
        0.5319914817810059,
        0.4767731726169586,
        0.5796213746070862,
        0.5239149928092957,
        0.5999414920806885,
        0.5282022356987,
        0.5325034856796265,
        0.5992672443389893,
        0.5691204071044922,
        0.5184192657470703,
        0.601768970489502,
        0.5441035032272339,
        0.4289400279521942,
        0.6310145258903503,
        0.5955097079277039,
        0.6512559652328491,
        0.4649353325366974,
        0.4234730899333954,
        0.592822253704071,
        0.5396933555603027,
        0.554093062877655,
        0.6024946570396423,
        0.611600399017334,
        0.6279941201210022,
        0.4561621844768524,
        0.7307591438293457,
        0.6200751066207886,
        0.7162861227989197,
        0.6486911773681641,
        0.6240128874778748,
        0.5825037956237793,
        0.4665708541870117,
        0.6421802639961243,
        0.5843225717544556,
        0.5736715793609619,
        0.4890844523906708,
        0.6257288455963135,
        0.5119325518608093,
        0.4915206730365753,
        0.5684463381767273,
        0.683009922504425,
        0.5105459690093994,
        0.5451409220695496,
        0.5482973456382751,
        0.5304318070411682,
        0.4685838520526886,
        0.4407433867454529,
        0.5128102898597717,
        0.7785556316375732,
        0.49830344319343567,
        0.492072194814682,
        0.523758053779602,
        0.4105871617794037,
        0.6141784191131592,
        0.6051477789878845,
        0.4597281515598297,
        0.44964954257011414,
        0.5323000550270081,
        0.7378091812133789,
        0.7524710893630981,
        0.7072426080703735,
        0.6483867764472961,
        0.5331426858901978,
        0.4727296233177185,
        0.4163036048412323,
        0.42892131209373474,
        0.5042219161987305,
        0.66286301612854,
        0.5691922307014465,
        0.40098556876182556,
        0.4113241136074066,
        0.5787485241889954,
        0.61817467212677,
        0.5729650855064392,
        0.6370750665664673,
        0.5934007167816162,
        0.5886912941932678,
        0.6716778874397278,
        0.5495385527610779,
        0.5003578662872314,
        0.5470672249794006,
        0.5709373950958252,
        0.5711941719055176,
        0.5316047072410583,
        0.5426116585731506,
        0.6408585906028748,
        0.5151140689849854,
        0.5771051049232483,
        0.6209728717803955,
        0.5907941460609436,
        0.5047118663787842,
        0.5522984266281128,
        0.6276935935020447,
        0.5724923610687256,
        0.6112478971481323,
        0.4896339476108551,
        0.4882201850414276,
        0.5856569409370422,
        0.5338652729988098,
        0.49575233459472656,
        0.5876797437667847,
        0.5578175783157349,
        0.5922955870628357,
        0.6469137668609619,
        0.5407008528709412,
        0.6373600363731384,
        0.6384240388870239,
        0.5151687264442444,
        0.5002856850624084,
        0.48743754625320435,
        0.4715801775455475,
        0.4886973798274994,
        0.5836923718452454,
        0.5309469103813171,
        0.6121671199798584,
        0.561713695526123,
        0.28512540459632874,
        0.4792238175868988,
        0.4173615574836731,
        0.5552324652671814,
        0.5161747932434082,
        0.6640697121620178,
        0.6029362678527832,
        0.5040962100028992,
        0.5474874973297119
    ],