{
    "val_pearson": 0.5004449049401372,
    "id": "cv4",
    "y_pred": [
        0.5412834882736206,
        0.5145873427391052,
        0.5775737166404724,
        0.5529676675796509,
        0.547660768032074,
        0.49560418725013733,
        0.5558042526245117,
        0.5372811555862427,
        0.5286576747894287,
        0.5594449043273926,
        0.5120546221733093,
        0.5945292115211487,
        0.5396164059638977,
        0.5391115546226501,
        0.5835274457931519,
        0.5907106995582581,
        0.5688180923461914,
        0.530722439289093,
        0.5501960515975952,
        0.599940299987793,
        0.5482327342033386,
        0.5063568949699402,
        0.5773600935935974,
        0.572486400604248,
        0.5736218690872192,
        0.5329851508140564,
        0.5946158766746521,
        0.637183666229248,
        0.5096017122268677,
        0.4810104966163635,
        0.5139590501785278,
        0.5015666484832764,
        0.5648071765899658,
        0.5429333448410034,
        0.5250210762023926,
        0.4876566231250763,
        0.5053256750106812,
        0.6029273867607117,
        0.5977811813354492,
        0.4950163662433624,
        0.5752761363983154,
        0.4871577322483063,
        0.5575484037399292,
        0.5640854835510254,
        0.6066688895225525,
        0.6364871859550476,
        0.5356364250183105,
        0.5289862155914307,
        0.5567660331726074,
        0.5497987866401672,
        0.5923046469688416,
        0.5636419653892517,
        0.5573328733444214,
        0.5692235231399536,
        0.48713749647140503,
        0.5373789072036743,
        0.545931339263916,
        0.5650666356086731,
        0.5688888430595398,
        0.5068095326423645,
        0.5165644884109497,
        0.5415570735931396,
        0.6770700216293335,
        0.678084135055542,
        0.7181975841522217,
        0.6866968870162964,
        0.4170144498348236,
        0.5206014513969421,
        0.4236772656440735,
        0.5280547142028809,
        0.6490166783332825,
        0.5727933645248413,
        0.7249598503112793,
        0.48999279737472534,
        0.7096879482269287,
        0.4954834282398224,
        0.6745145320892334,
        0.6280900835990906,
        0.6421748399734497,
        0.6483076810836792,
        0.4353014826774597,
        0.4494394063949585,
        0.666251540184021,
        0.4968528151512146,
        0.4867071211338043,
        0.5812444090843201,
        0.56134432554245,
        0.5140775442123413,
        0.5924873352050781,
        0.44584837555885315,
        0.4597092270851135,
        0.5561317205429077,
        0.5658087730407715,
        0.5619221329689026,
        0.5759246945381165,
        0.5618395805358887,
        0.5910571217536926,
        0.4972754716873169,
        0.4451891779899597,
        0.41987884044647217,
        0.4928155839443207,
        0.4660335183143616,
        0.4647881090641022,
        0.4977341890335083,
        0.46041014790534973,
        0.5685977935791016,
        0.6986271142959595,
        0.7450148463249207,
        0.4389543831348419,
        0.4590337574481964,
        0.5844505429267883,
        0.6283474564552307,
        0.6424171924591064,
        0.6544152498245239,
        0.35283541679382324,
        0.6515469551086426,
        0.3894711434841156,
        0.4587048888206482,
        0.4051492512226105,
        0.47724467515945435,
        0.6099509596824646,
        0.6695570945739746,
        0.6574068069458008,
        0.5979160666465759,
        0.5567069053649902,
        0.5202362537384033,
        0.6205846071243286,
        0.5726685523986816,
        0.5633669495582581,
        0.5868036150932312,
        0.6009932160377502,
        0.6541564464569092,
        0.4952189326286316,
        0.5815116167068481,
        0.6251856684684753,
        0.6171658039093018,
        0.5941672325134277,
        0.5887392163276672,
        0.5921391844749451,
        0.6035172343254089,
        0.6621766090393066,
        0.7383962869644165,
        0.5805785655975342,
        0.52573162317276,
        0.42280375957489014,
        0.5127335786819458,
        0.47922462224960327,
        0.44923779368400574,
        0.5886663794517517,
        0.6159999966621399,
        0.42542564868927,
        0.6201961040496826,
        0.5782246589660645,
        0.5916601419448853,
        0.6566247940063477,
        0.6100545525550842,
        0.5654284954071045,
        0.5931031703948975,
        0.6763045787811279,
        0.6530758142471313,
        0.48908302187919617,
        0.45571789145469666,
        0.48121413588523865,
        0.6960762143135071,
        0.46986258029937744,
        0.49973466992378235,
        0.5399284362792969,
        0.6296250820159912,
        0.5130234956741333,
        0.5315693616867065,
        0.5008122324943542,
        0.5723509192466736,
        0.5658854246139526
    ],