{
    "val_pearson": 0.263766038274145,
    "id": "cv2",
    "y_pred": [
        0.5577170848846436,
        0.5798051953315735,
        0.5438016653060913,
        0.520809531211853,
        0.5503989458084106,
        0.5484945178031921,
        0.5563524961471558,
        0.5793434381484985,
        0.554338812828064,
        0.5732272267341614,
        0.5005515813827515,
        0.5805631279945374,
        0.5527596473693848,
        0.5232733488082886,
        0.5071246027946472,
        0.5706192255020142,
        0.5047533512115479,
        0.5713959336280823,
        0.6184897422790527,
        0.5426038503646851,
        0.5375995635986328,
        0.5756838321685791,
        0.5143312215805054,
        0.5533061623573303,
        0.5819944739341736,
        0.5437897443771362,
        0.5032892823219299,
        0.5674664974212646,
        0.5717628598213196,
        0.540844738483429,
        0.5732476115226746,
        0.5776739716529846,
        0.5881410837173462,
        0.5606652498245239,
        0.5585724711418152,
        0.5384818911552429,
        0.5667217969894409,
        0.5497198104858398,
        0.5536620020866394,
        0.556585967540741,
        0.5161397457122803,
        0.5853351950645447,
        0.5518790483474731,
        0.5493290424346924,
        0.5622016191482544,
        0.5683736801147461,
        0.4789694547653198,
        0.5577200651168823,
        0.5704638957977295,
        0.5892642736434937,
        0.5187082886695862,
        0.5863328576087952,
        0.5567838549613953,
        0.5393262505531311,
        0.5373574495315552,
        0.5266662240028381,
        0.5396147966384888,
        0.5644131898880005,
        0.5791262984275818,
        0.5350772738456726,
        0.55226069688797,
        0.5547235012054443,
        0.48759499192237854,
        0.6159385442733765,
        0.4597342908382416,
        0.5986285209655762,
        0.558411180973053,
        0.429401159286499,
        0.6354315876960754,
        0.46698835492134094,
        0.5994603037834167,
        0.45818260312080383,
        0.6064269542694092,
        0.6234923005104065,
        0.5528579354286194,
        0.5079593062400818,
        0.6310287117958069,
        0.6360568404197693,
        0.595507800579071,
        0.5142613649368286,
        0.4978112280368805,
        0.5776262283325195,
        0.604888379573822,
        0.666172981262207,
        0.5856831073760986,
        0.5935297012329102,
        0.6307610869407654,
        0.5230380296707153,
        0.5475526452064514,
        0.5896325707435608,
        0.5150980949401855,
        0.6102805733680725,
        0.5572509765625,
        0.5077620148658752,
        0.4477172791957855,
        0.4815087616443634,
        0.47342565655708313,
        0.4794054925441742,
        0.5799609422683716,
        0.6159551739692688,
        0.5167944431304932,
        0.5486018657684326,
        0.5652674436569214,
        0.6881139874458313,
        0.5323891043663025,
        0.5214676856994629,
        0.668752133846283,
        0.5424748063087463,
        0.5752326250076294,
        0.5522939562797546,
        0.5587377548217773,
        0.558282196521759,
        0.556022047996521,
        0.5302017331123352,
        0.43656307458877563,
        0.49802953004837036,
        0.598189651966095,
        0.4291976988315582,
        0.4603762924671173,
        0.5702747702598572,
        0.5642321109771729,
        0.5893247127532959,
        0.5766912698745728,
        0.552236020565033,
        0.5962992906570435,
        0.5856655240058899,
        0.5881608724594116,
        0.5393485426902771,
        0.5955634117126465,
        0.6019187569618225,
        0.5998064279556274,
        0.5998519659042358,
        0.5454042553901672,
        0.5461618900299072,
        0.5401514172554016,
        0.5572353005409241,
        0.5730399489402771,
        0.5398293137550354,
        0.5358971357345581,
        0.532886803150177,
        0.5246842503547668,
        0.5477343797683716,
        0.5570433139801025,
        0.5430770516395569,
        0.6426678895950317,
        0.5937860012054443,
        0.5786630511283875,
        0.516497015953064,
        0.5926854610443115,
        0.43903133273124695,
        0.6208637952804565,
        0.5467123985290527,
        0.4349811375141144,
        0.6002355813980103,
        0.5940181612968445,
        0.5835950970649719,
        0.5872833132743835,
        0.568572998046875,
        0.6092221736907959,
        0.5630260109901428,
        0.573910653591156,
        0.559310793876648,
        0.50035160779953,
        0.5324332118034363,
        0.5044904351234436,
        0.579857349395752,
        0.4745374023914337,
        0.5218634009361267,
        0.5652199387550354,
        0.4739776849746704,
        0.5307705998420715,
        0.5536028742790222,
        0.5500394701957703
    ],