{
    "val_pearson": 0.6098809974966993,
    "id": "cv3",
    "y_pred": [
        0.5159995555877686,
        0.454120934009552,
        0.5294086933135986,
        0.5941875576972961,
        0.5419409871101379,
        0.5339911580085754,
        0.5042834877967834,
        0.5275771617889404,
        0.5497203469276428,
        0.5860111713409424,
        0.5792312622070312,
        0.4968881607055664,
        0.5283324122428894,
        0.522728681564331,
        0.5782142281532288,
        0.5594155192375183,
        0.58334881067276,
        0.4878845810890198,
        0.5396920442581177,
        0.511671245098114,
        0.568978488445282,
        0.49342095851898193,
        0.5757659077644348,
        0.5757550001144409,
        0.5962828993797302,
        0.5856389403343201,
        0.4714372754096985,
        0.5358286499977112,
        0.5545739531517029,
        0.5437390804290771,
        0.532893180847168,
        0.5889872312545776,
        0.5404209494590759,
        0.5429283976554871,
        0.5659076571464539,
        0.5810015201568604,
        0.5491390824317932,
        0.6054915189743042,
        0.5214937329292297,
        0.5752577781677246,
        0.5159490704536438,
        0.5335565209388733,
        0.49594369530677795,
        0.5739096403121948,
        0.5369749069213867,
        0.549901008605957,
        0.5322886109352112,
        0.5579478740692139,
        0.511141836643219,
        0.5957877039909363,
        0.5430678129196167,
        0.5346380472183228,
        0.6034346222877502,
        0.5537939667701721,
        0.616782009601593,
        0.5620696544647217,
        0.5423457622528076,
        0.5397260189056396,
        0.5489075183868408,
        0.49531930685043335,
        0.5314526557922363,
        0.5667107701301575,
        0.4024348258972168,
        0.7552697062492371,
        0.5865234136581421,
        0.45740488171577454,
        0.4265976846218109,
        0.5487271547317505,
        0.5694426894187927,
        0.5637418031692505,
        0.5512651801109314,
        0.648717999458313,
        0.6203590631484985,
        0.642638087272644,
        0.6294913291931152,
        0.5377132892608643,
        0.6380602717399597,
        0.5770798921585083,
        0.4530930817127228,
        0.6464905738830566,
        0.6026739478111267,
        0.5442677140235901,
        0.6688262224197388,
        0.6385194063186646,
        0.5373441576957703,
        0.49651646614074707,
        0.6993783712387085,
        0.6124668121337891,
        0.43023207783699036,
        0.6574952602386475,
        0.5321599841117859,
        0.5314313173294067,
        0.6314935088157654,
        0.450480192899704,
        0.4647071063518524,
        0.4867425262928009,
        0.5918311476707458,
        0.6802750825881958,
        0.41211581230163574,
        0.48631778359413147,
        0.47798019647598267,
        0.4468221962451935,
        0.44404879212379456,
        0.534587562084198,
        0.6695765852928162,
        0.5766653418540955,
        0.6319828033447266,
        0.44956740736961365,
        0.7272124886512756,
        0.4308803677558899,
        0.5613402128219604,
        0.4150755703449249,
        0.5936028957366943,
        0.7244280576705933,
        0.5483789443969727,
        0.5621587634086609,
        0.09704557806253433,
        0.4827670753002167,
        0.4164286255836487,
        0.6670225858688354,
        0.7063595652580261,
        0.6374582648277283,
        0.5268394947052002,
        0.5451473593711853,
        0.5751228332519531,
        0.5894948840141296,
        0.5749309062957764,
        0.5943445563316345,
        0.5516826510429382,
        0.5148102045059204,
        0.6316556930541992,
        0.5492056012153625,
        0.5189081430435181,
        0.6165774464607239,
        0.4158402681350708,
        0.44891124963760376,
        0.45403286814689636,
        0.5543563961982727,
        0.6085013747215271,
        0.7497665286064148,
        0.5928176641464233,
        0.6695765852928162,
        0.6318026185035706,
        0.6798231601715088,
        0.6634299755096436,
        0.6788626313209534,
        0.558190643787384,
        0.49983078241348267,
        0.6592466235160828,
        0.4564491808414459,
        0.6014366149902344,
        0.651836633682251,
        0.45628809928894043,
        0.5545633435249329,
        0.5494268536567688,
        0.618524968624115,
        0.6428573131561279,
        0.5963131785392761,
        0.6003800630569458,
        0.3862302005290985,
        0.5280001759529114,
        0.46499142050743103,
        0.46146002411842346,
        0.4762302041053772,
        0.5941651463508606,
        0.4132772982120514,
        0.6288900375366211,
        0.5097664594650269,
        0.6093747019767761,
        0.4814084768295288,
        0.4781559407711029,
        0.4900805354118347,
        0.6067692041397095
    ],