{
    "val_pearson": 0.31804912545209996,
    "id": "cv0",
    "y_pred": [
        0.5376056432723999,
        0.5101726651191711,
        0.546021580696106,
        0.540902853012085,
        0.5509864687919617,
        0.5497122406959534,
        0.580877959728241,
        0.5584562420845032,
        0.5531964302062988,
        0.5574477910995483,
        0.565520703792572,
        0.5761219263076782,
        0.5551198720932007,
        0.5655315518379211,
        0.5312063097953796,
        0.6016252636909485,
        0.5886414647102356,
        0.5570542812347412,
        0.5743429064750671,
        0.5638927221298218,
        0.5400248169898987,
        0.5696508288383484,
        0.5807617902755737,
        0.5420563220977783,
        0.5326998829841614,
        0.5809712409973145,
        0.572698175907135,
        0.5160247087478638,
        0.5729222893714905,
        0.5527869462966919,
        0.5619958639144897,
        0.5740488767623901,
        0.5659989714622498,
        0.5634161829948425,
        0.5532674193382263,
        0.532000720500946,
        0.5470064282417297,
        0.574459969997406,
        0.5613645315170288,
        0.5310359597206116,
        0.5614907145500183,
        0.5393179059028625,
        0.6028137803077698,
        0.5151520371437073,
        0.5660576820373535,
        0.5477518439292908,
        0.591106653213501,
        0.5785620212554932,
        0.5730311274528503,
        0.5564988255500793,
        0.5380817651748657,
        0.569332480430603,
        0.5366502404212952,
        0.5309047698974609,
        0.5499663352966309,
        0.5594486594200134,
        0.5285443663597107,
        0.5551701188087463,
        0.5550980567932129,
        0.5499248504638672,
        0.5396541357040405,
        0.4556966722011566,
        0.5585850477218628,
        0.5673249363899231,
        0.6136677861213684,
        0.6259893774986267,
        0.4957563579082489,
        0.4769253730773926,
        0.5973753929138184,
        0.4784938395023346,
        0.48176127672195435,
        0.6072697639465332,
        0.5456667542457581,
        0.5918131470680237,
        0.5894394516944885,
        0.5754955410957336,
        0.5827262997627258,
        0.5972418189048767,
        0.6049189567565918,
        0.5515381097793579,
        0.5667496919631958,
        0.5360246300697327,
        0.5682511329650879,
        0.5706856846809387,
        0.5781762599945068,
        0.5459974408149719,
        0.5019925236701965,
        0.5781242847442627,
        0.5644538402557373,
        0.5674551725387573,
        0.5916450023651123,
        0.5138553977012634,
        0.5696642398834229,
        0.5615758299827576,
        0.4682621657848358,
        0.6047250032424927,
        0.5944638252258301,
        0.5837656855583191,
        0.49329254031181335,
        0.5690931677818298,
        0.5549435019493103,
        0.5350579619407654,
        0.603236973285675,
        0.5398797392845154,
        0.5769764184951782,
        0.6234130263328552,
        0.5685726404190063,
        0.663913369178772,
        0.5998660922050476,
        0.5668002963066101,
        0.4828146994113922,
        0.40144866704940796,
        0.5469727516174316,
        0.5254393219947815,
        0.5496665239334106,
        0.45844903588294983,
        0.4692510664463043,
        0.5863401293754578,
        0.5352609753608704,
        0.4889521300792694,
        0.5701861381530762,
        0.5610442161560059,
        0.6075234413146973,
        0.5671530365943909,
        0.5583385825157166,
        0.6008448600769043,
        0.5352191925048828,
        0.5467892289161682,
        0.5727339386940002,
        0.5981689691543579,
        0.5658202171325684,
        0.5634534358978271,
        0.5723990797996521,
        0.638329803943634,
        0.6015303134918213,
        0.6026647686958313,
        0.4660853147506714,
        0.5431058406829834,
        0.47539135813713074,
        0.5989624857902527,
        0.5067134499549866,
        0.5343802571296692,
        0.5887559056282043,
        0.5620043873786926,
        0.6485013961791992,
        0.6208627223968506,
        0.5331635475158691,
        0.5045923590660095,
        0.579217255115509,
        0.4378337562084198,
        0.5950735807418823,
        0.49183082580566406,
        0.5440783500671387,
        0.5704916715621948,
        0.617257297039032,
        0.6491210460662842,
        0.5831196308135986,
        0.5632758140563965,
        0.4613536596298218,
        0.636730432510376,
        0.5999497175216675,
        0.6187081336975098,
        0.6179080009460449,
        0.5132884979248047,
        0.5882599949836731,
        0.5722084641456604,
        0.5042968988418579,
        0.4731478691101074,
        0.5235440135002136,
        0.6000295877456665,
        0.4952174425125122,
        0.5806677937507629,
        0.5911102890968323
    ],