{
    "pearson": 0.31208596815492984,
    "id": "cv4",
    "y_pred": [
        0.17669775732551216,
        0.01464604225539823,
        0.30426019725999104,
        0.1968471943153995,
        0.21747408314844166,
        0.2170003434703005,
        0.18750985511906143,
        0.023860896983856295,
        0.28872267849257305,
        0.07737179486812538,
        0.21314185137714392,
        0.2355623594031469,
        0.2330344759000995,
        0.28841873259050693,
        0.04036337939149883,
        0.25941726987304253,
        0.2625636489200094,
        0.01723632242097357,
        0.07790853305804475,
        0.034147352067889776,
        0.15212169049042187,
        0.04657129204164919,
        0.05068194924759485,
        0.12099940812457936,
        0.1986590894672747,
        0.3079570884585967,
        0.2004057055585975,
        0.23102885891344088,
        0.025830260396217917,
        0.20568308452031744,
        0.04568166785746009,
        0.02852323224046432,
        0.23927863697084498,
        0.09002207373793858,
        0.09741062014841163,
        0.00637279561364122,
        0.06932022963214579,
        0.2314747107226334,
        0.3080195339801694,
        0.08315047291538413,
        0.18153936743328994,
        0.04415911397907713,
        0.1410945425480355,
        0.13514082806232625,
        0.08880697819518348,
        0.20100166208433376,
        0.1772973015936533,
        0.22008538323409033,
        0.06509654278940322,
        0.18426722455855074,
        0.1733997003742922,
        0.13130653967779488,
        0.4548265054061386,
        0.20602351220165446,
        0.14364832058781013,
        0.20689790430948082,
        0.11844729501950846,
        0.22311925353188353,
        0.1516662641773659,
        0.16140622112721478,
        0.2403301405474739,
        0.13290508651976274,
        0.5038869831389385,
        0.43984852388671286,
        1.0020717984499254,
        0.9544867687721629,
        0.21819500207623135,
        0.19412422143235455,
        0.20941873725152738,
        0.464820350742677,
        0.5670129597263462,
        0.46854995159652907,
        0.11926189795158997,
        0.14138808910663192,
        0.2306596356874023,
        0.18333407728535261,
        0.3771220727178314,
        0.43485727414163183,
        0.18436086635684926,
        0.1228602063354364,
        0.12840812045569264,
        0.1258987434563724,
        0.29236392320503685,
        0.1826887683331995,
        0.2197803229977368,
        0.3709068659595079,
        0.2783039130397822,
        0.21359904457599121,
        0.4277964772596107,
        0.266068243437544,
        0.17306222011686795,
        0.15271660709810328,
        0.4581918264444171,
        0.6078596187311776,
        0.4960804441660436,
        0.5159657102848049,
        0.5113759478931432,
        0.21631765618640222,
        0.5266898663877865,
        0.18925320492038367,
        0.3927309830253454,
        0.5917272253758933,
        0.21035534174610776,
        0.263420778339352,
        0.3127497999126857,
        0.2407557999839067,
        0.29798299118900484,
        0.3116742899969184,
        0.21185188186330856,
        0.6286455068218397,
        0.48710640131544836,
        0.00014142135671046477,
        0.00014142135671046477,
        0.00014142135671046477,
        0.00014142135671046477,
        0.00014142135671046477,
        0.00014142135671046477,
        0.00014142135671046477,
        0.00014142135671046477,
        1.233595585920438,
        1.1201603713667079,
        1.0247666171776482,
        1.3601388811306208,
        0.4674941277969575,
        0.3574648521867311,
        0.20042672648304624,
        0.5067229853566563,
        0.2580835340795417,
        0.9597304874674549,
        1.2756955252898288,
        0.6152215734518052,
        1.0086061032949702,
        0.34696717113822867,
        0.6947869123861643,
        0.5040209675039955,
        0.8185836408940899,
        0.3998883988486395,
        0.4779236847509855,
        0.2961217609881707,
        0.4973510686855263,
        0.26913026020343467,
        0.296403942862253,
        0.7220316598379046,
        0.5295397264301204,
        0.6077031273042711,
        0.44485745385349734,
        0.1852661978677175,
        0.25895041686045506,
        0.1796848968647359,
        0.5338332872252962,
        0.2767860575389459,
        0.1453713350777947,
        0.3960938661217629,
        0.40796583443103646,
        0.11448289900590716,
        0.7251918253795862,
        0.3840033260998696,
        0.14866953136242114,
        0.3335741857853268,
        0.3088665733523552,
        0.24147322424800172,
        0.5104757180153217,
        0.3876542414522182,
        0.00014142135671046477,
        0.6206580643503177,
        0.619235996888278,
        0.3177075378361781,
        0.48566702067030953,
        0.49995035952786204,
        0.5705139698674804,
        0.42102779013988384,
        0.764287070541792,
        0.00014142135671046477
    ],