{
    "pearson": 0.43411243292615237,
    "id": "cv3",
    "y_pred": [
        0.0497889544753813,
        0.015535138884170518,
        0.07113731452895052,
        0.30018307832786484,
        0.10710619313483956,
        0.09547852618317451,
        0.0749786640840839,
        0.15899085086149753,
        0.03937536537605821,
        0.3833225452844238,
        0.20291819842379663,
        0.030060570311742727,
        0.2046929902086452,
        0.13828541468791924,
        0.30057794201523463,
        0.1628833109302417,
        0.15603585056566938,
        0.15736750405081015,
        0.13242365923746943,
        0.07516394894216849,
        0.2579053027829527,
        0.10221388694876564,
        0.04928289229072855,
        0.18163739768153825,
        0.18495464678882745,
        0.14164795364193494,
        0.028299456936207078,
        0.0633635759969775,
        0.21325812431128868,
        0.13417668071941405,
        0.033016302245878336,
        0.14934168030033426,
        0.0819758962462225,
        0.08509411066446515,
        0.4594099133522688,
        0.23777919848348264,
        0.17801211920845866,
        0.2265875909513842,
        0.19194632659742383,
        0.4622376871901827,
        0.09026618251035219,
        0.11154953213977095,
        0.022323590284950557,
        0.3670626384357657,
        0.22898582195482314,
        0.14815443528084316,
        0.18376268735071602,
        0.3669396262200825,
        0.03796485281151179,
        0.23787919980237174,
        0.24927856177187724,
        0.1511987080862267,
        0.12237114204395201,
        0.060683421701012916,
        0.1649289250486901,
        0.32166088150674715,
        0.08168034056025675,
        0.034941858988473976,
        0.4134363291444735,
        0.027607760308561567,
        0.10575086044937396,
        0.11893307577008422,
        0.4003761988126463,
        0.8282710049591784,
        0.21495040743608693,
        0.09188840312578114,
        0.10017610473427162,
        0.3590028799887731,
        0.35472728237208745,
        0.5536046629749238,
        0.2564417847671529,
        0.5404876839199609,
        0.3363763643492412,
        0.10146168188816507,
        0.6266426763563288,
        0.24834596001769343,
        0.23961703588203787,
        0.20658408659875074,
        0.22852658777306947,
        0.289121978906432,
        0.12835497048755953,
        0.18283560077919558,
        0.36570412825545046,
        0.26535765706183406,
        0.31351553465263815,
        0.3122196306701001,
        0.6892879205977471,
        0.5045407718719827,
        0.2992521690060756,
        0.8164668772502698,
        0.6569451809378627,
        0.9000584416689119,
        0.386475237161727,
        0.21462842354958894,
        0.5526168919787813,
        0.3361107412273982,
        0.4598522399354614,
        0.8051336576139025,
        0.4157606548111383,
        0.49948907255582825,
        0.5184086207643925,
        0.41926753385925697,
        0.47780526406381585,
        0.3772824500198529,
        0.459507695743392,
        0.5843668744807218,
        0.29472506684053235,
        0.5384607541878104,
        0.00014142135671046477,
        0.00014142135671046477,
        0.00014142135671046477,
        0.00014142135671046477,
        0.00014142135671046477,
        0.00014142135671046477,
        0.00014142135671046477,
        0.00014142135671046477,
        0.00014142135671046477,
        0.00014142135671046477,
        0.00014142135671046477,
        0.9266908912257598,
        0.8954378625002032,
        1.2454734654983974,
        0.7008779184613629,
        1.1841754340921684,
        0.9283124775681735,
        1.237188060193075,
        1.3015825361679263,
        1.2259086530157437,
        0.41921236470615303,
        0.20104618144461478,
        1.171893182258654,
        1.2381341445616636,
        1.1400913953938936,
        1.177134449555072,
        0.5095602754451858,
        0.3822329568960955,
        0.5342443838042268,
        0.3214821080286766,
        0.46756294694952993,
        0.49391818527499237,
        0.5270073072278824,
        0.459507695743392,
        0.4349542679275056,
        0.19975857412694428,
        0.15565246287738818,
        0.36945216176883805,
        0.25793452039260084,
        0.3406044510444007,
        0.32316489623733546,
        0.23285149508878422,
        0.7701379810600033,
        0.3169090335272116,
        0.00014142135671046477,
        0.4642933586290898,
        0.26909745489889547,
        0.42531159351773024,
        0.263330908957367,
        0.2528374319298497,
        0.37966278628373384,
        0.00014142135671046477,
        0.44385256517804667,
        0.5144963062617725,
        0.5090224497698751,
        0.4677607189719279,
        0.4305668548079352,
        0.0786242505604163,
        0.5060099391842224,
        0.3465959018911833,
        0.3028931296686851,
        0.34829529126354264,
        0.28365181318434235,
        0.26122334402059355,
        0.34890306329663856
    ],