{
    "val_pearson": 0.6040163409826491,
    "id": "cv1",
    "y_pred": [
        0.6198692321777344,
        0.542423665523529,
        0.5800089240074158,
        0.5681641697883606,
        0.5837975740432739,
        0.5911770462989807,
        0.5751091241836548,
        0.5054847598075867,
        0.5375726222991943,
        0.462035208940506,
        0.5218212604522705,
        0.4340282082557678,
        0.4794788360595703,
        0.5476392507553101,
        0.5703446865081787,
        0.5876986384391785,
        0.622318685054779,
        0.5881375074386597,
        0.5370674133300781,
        0.5423441529273987,
        0.5197120904922485,
        0.4993595480918884,
        0.5305324792861938,
        0.5332263112068176,
        0.45040425658226013,
        0.5762611627578735,
        0.569771945476532,
        0.4804953932762146,
        0.5264555811882019,
        0.5730034708976746,
        0.5501714944839478,
        0.5802469849586487,
        0.5934069156646729,
        0.5917195677757263,
        0.5578383803367615,
        0.5537533164024353,
        0.5498725771903992,
        0.5990729928016663,
        0.5977631211280823,
        0.5516030192375183,
        0.4996836483478546,
        0.5570066571235657,
        0.4294801354408264,
        0.5699429512023926,
        0.5458264946937561,
        0.5993021130561829,
        0.5741738080978394,
        0.6031357049942017,
        0.5023287534713745,
        0.5345131158828735,
        0.5584924221038818,
        0.5553574562072754,
        0.6065962314605713,
        0.5460858941078186,
        0.5233193039894104,
        0.5913942456245422,
        0.5901095867156982,
        0.4790804982185364,
        0.5619839429855347,
        0.5914509892463684,
        0.4238896071910858,
        0.6403031945228577,
        0.5951069593429565,
        0.6542493104934692,
        0.4994305372238159,
        0.4042205214500427,
        0.6261296272277832,
        0.569277822971344,
        0.5835055708885193,
        0.690634548664093,
        0.6563950777053833,
        0.6801774501800537,
        0.4340105354785919,
        0.7370887398719788,
        0.6023373603820801,
        0.7324946522712708,
        0.648432731628418,
        0.6513839960098267,
        0.5937169194221497,
        0.4466601312160492,
        0.6355381608009338,
        0.6303196549415588,
        0.5802717804908752,
        0.4632926881313324,
        0.6195626258850098,
        0.5129421353340149,
        0.4707028567790985,
        0.6070643067359924,
        0.6839322447776794,
        0.5369917750358582,
        0.5566773414611816,
        0.5643545389175415,
        0.5291333198547363,
        0.46842676401138306,
        0.45456963777542114,
        0.5348957180976868,
        0.7746019959449768,
        0.48975396156311035,
        0.4900735914707184,
        0.5523220300674438,
        0.4115227162837982,
        0.6273183226585388,
        0.6177055835723877,
        0.42005690932273865,
        0.4603338837623596,
        0.5284504890441895,
        0.728080689907074,
        0.7392491102218628,
        0.7007666230201721,
        0.6411531567573547,
        0.5300372242927551,
        0.4617619216442108,
        0.369634747505188,
        0.3795866072177887,
        0.4917633533477783,
        0.6515832543373108,
        0.6132208704948425,
        0.3739169239997864,
        0.3573036193847656,
        0.6536590456962585,
        0.6177663803100586,
        0.534403383731842,
        0.5897865295410156,
        0.6007900238037109,
        0.6370323896408081,
        0.6632510423660278,
        0.559503436088562,
        0.5266619324684143,
        0.54912269115448,
        0.5918080806732178,
        0.5618698596954346,
        0.4002952575683594,
        0.6120565533638,
        0.7348474860191345,
        0.5205062627792358,
        0.5598095655441284,
        0.6172088384628296,
        0.5911208987236023,
        0.4865189492702484,
        0.5157211422920227,
        0.6091302037239075,
        0.5696364045143127,
        0.6303097605705261,
        0.45781970024108887,
        0.44779306650161743,
        0.6142203211784363,
        0.5040479898452759,
        0.4950425326824188,
        0.6141813397407532,
        0.5702645182609558,
        0.6151081919670105,
        0.6188116669654846,
        0.5482701063156128,
        0.6108546257019043,
        0.6376470923423767,
        0.52008056640625,
        0.5068734884262085,
        0.4521127939224243,
        0.4498159885406494,
        0.4833049178123474,
        0.5668324828147888,
        0.5332586765289307,
        0.6286033987998962,
        0.6035910844802856,
        0.27202874422073364,
        0.49317535758018494,
        0.42017707228660583,
        0.5344074368476868,
        0.5477752089500427,
        0.6427719593048096,
        0.6039517521858215,
        0.5504399538040161,
        0.5375304222106934
    ],