{
    "val_pearson": 0.5568740617150714,
    "id": "cv4",
    "y_pred": [
        0.5710588097572327,
        0.5276150703430176,
        0.6148018836975098,
        0.5510014295578003,
        0.53711998462677,
        0.5169765949249268,
        0.53706294298172,
        0.5257814526557922,
        0.563232421875,
        0.5509483814239502,
        0.5481634140014648,
        0.6092326045036316,
        0.5243003964424133,
        0.6011126637458801,
        0.5363125205039978,
        0.5684719085693359,
        0.6099655032157898,
        0.5269401669502258,
        0.5615788102149963,
        0.5457432866096497,
        0.5219573378562927,
        0.5370739698410034,
        0.5573163628578186,
        0.5830062627792358,
        0.5512987375259399,
        0.5777994394302368,
        0.6304592490196228,
        0.5843149423599243,
        0.5462474822998047,
        0.5002119541168213,
        0.48489129543304443,
        0.5003406405448914,
        0.5759986639022827,
        0.548916220664978,
        0.5654011368751526,
        0.5200850963592529,
        0.5066831111907959,
        0.582910418510437,
        0.620518147945404,
        0.4685971736907959,
        0.5630497932434082,
        0.505397379398346,
        0.5360073447227478,
        0.5314269065856934,
        0.5642550587654114,
        0.5949327349662781,
        0.559920072555542,
        0.5555371642112732,
        0.5412909984588623,
        0.5296934843063354,
        0.5572853684425354,
        0.5303683280944824,
        0.571739912033081,
        0.599368155002594,
        0.4663774371147156,
        0.5632162690162659,
        0.56836998462677,
        0.619647204875946,
        0.5840215086936951,
        0.5057167410850525,
        0.5557000041007996,
        0.6179367899894714,
        0.705436646938324,
        0.6885424852371216,
        0.6860466599464417,
        0.7095622420310974,
        0.4564969539642334,
        0.490937739610672,
        0.39164870977401733,
        0.5432412624359131,
        0.6611866354942322,
        0.5692015290260315,
        0.7467761039733887,
        0.4629575312137604,
        0.7164987325668335,
        0.4833325743675232,
        0.6962347030639648,
        0.6660681962966919,
        0.6477192044258118,
        0.639640212059021,
        0.49060019850730896,
        0.4974251985549927,
        0.6960908770561218,
        0.5224569439888,
        0.5079578161239624,
        0.5791318416595459,
        0.5557445883750916,
        0.5393944978713989,
        0.6313747763633728,
        0.4136827290058136,
        0.46604546904563904,
        0.5540072321891785,
        0.5702811479568481,
        0.5745065212249756,
        0.59431391954422,
        0.5570727586746216,
        0.5419973731040955,
        0.49205151200294495,
        0.4577752947807312,
        0.4044884145259857,
        0.4790066182613373,
        0.46627333760261536,
        0.4754084348678589,
        0.47524866461753845,
        0.46043723821640015,
        0.5640500783920288,
        0.6986194849014282,
        0.7375055551528931,
        0.4068562090396881,
        0.4494769871234894,
        0.5881611704826355,
        0.6877472996711731,
        0.6524932384490967,
        0.606485903263092,
        0.27714207768440247,
        0.6214159727096558,
        0.3159925043582916,
        0.4719853401184082,
        0.40766510367393494,
        0.47043853998184204,
        0.46877753734588623,
        0.6403844356536865,
        0.6653911471366882,
        0.5081906318664551,
        0.6288227438926697,
        0.5035147070884705,
        0.5859796404838562,
        0.6289162039756775,
        0.5793775320053101,
        0.5834974646568298,
        0.5752657055854797,
        0.7109972238540649,
        0.4661104679107666,
        0.5939008593559265,
        0.6457411646842957,
        0.5894930958747864,
        0.579990804195404,
        0.5850726962089539,
        0.585953950881958,
        0.6180568337440491,
        0.6728217601776123,
        0.7325584292411804,
        0.6062615513801575,
        0.5320343375205994,
        0.38651248812675476,
        0.5088039636611938,
        0.4133918583393097,
        0.4599533677101135,
        0.5789302587509155,
        0.6094139814376831,
        0.41208478808403015,
        0.6042625308036804,
        0.583966076374054,
        0.601611316204071,
        0.6412574052810669,
        0.6558008193969727,
        0.571862518787384,
        0.5986124873161316,
        0.6369638442993164,
        0.624718964099884,
        0.5548849105834961,
        0.4272373616695404,
        0.4980787932872772,
        0.659820020198822,
        0.48429107666015625,
        0.4891846179962158,
        0.5478975772857666,
        0.6237671375274658,
        0.5208438634872437,
        0.5304968953132629,
        0.4997010827064514,
        0.5436097383499146,
        0.5555068254470825
    ],