{
    "val_pearson": 0.6643778791866564,
    "id": "cv3",
    "y_pred": [
        0.5169470310211182,
        0.5060805678367615,
        0.45795005559921265,
        0.5486786365509033,
        0.5447205305099487,
        0.5268219709396362,
        0.4786122143268585,
        0.5296306610107422,
        0.5065914392471313,
        0.5920858383178711,
        0.561927855014801,
        0.4590749442577362,
        0.5616284608840942,
        0.6061419248580933,
        0.5572676062583923,
        0.5466880798339844,
        0.5890893340110779,
        0.5449855327606201,
        0.5373594164848328,
        0.5548647046089172,
        0.557832658290863,
        0.5151253938674927,
        0.540895402431488,
        0.5356449484825134,
        0.5703750252723694,
        0.5318056344985962,
        0.5227017998695374,
        0.5531545877456665,
        0.5017356872558594,
        0.5694325566291809,
        0.5219792723655701,
        0.5086093544960022,
        0.43986135721206665,
        0.4932388365268707,
        0.5973431468009949,
        0.5003800988197327,
        0.49776285886764526,
        0.5750853419303894,
        0.5926111340522766,
        0.5027096271514893,
        0.5012900829315186,
        0.5529589653015137,
        0.4842141270637512,
        0.5225129723548889,
        0.5330426096916199,
        0.5690799951553345,
        0.5342336297035217,
        0.5395330786705017,
        0.5358753800392151,
        0.5446873903274536,
        0.5634332895278931,
        0.526821494102478,
        0.5226121544837952,
        0.524286150932312,
        0.6113143563270569,
        0.6048499941825867,
        0.5556889176368713,
        0.5363479256629944,
        0.5410670042037964,
        0.4970749020576477,
        0.4797542691230774,
        0.5619372725486755,
        0.4256730377674103,
        0.8005643486976624,
        0.5795047283172607,
        0.4055863916873932,
        0.4161234498023987,
        0.5908243656158447,
        0.6154249310493469,
        0.5355498194694519,
        0.5063604712486267,
        0.6639805436134338,
        0.4871291220188141,
        0.6535007953643799,
        0.6533219814300537,
        0.5137790441513062,
        0.6567423939704895,
        0.5671525597572327,
        0.5067809820175171,
        0.6145748496055603,
        0.6259577870368958,
        0.5383787155151367,
        0.6424338221549988,
        0.6534532308578491,
        0.5199289321899414,
        0.509032130241394,
        0.6841926574707031,
        0.5699505805969238,
        0.4410030245780945,
        0.6986280679702759,
        0.5266783237457275,
        0.5348009467124939,
        0.614675760269165,
        0.42452412843704224,
        0.4845677614212036,
        0.4808018207550049,
        0.5697728395462036,
        0.69032883644104,
        0.4254453778266907,
        0.5040144324302673,
        0.45709729194641113,
        0.4367637634277344,
        0.4370276927947998,
        0.5543044805526733,
        0.7094635367393494,
        0.5792636871337891,
        0.6268177628517151,
        0.4905995726585388,
        0.740490734577179,
        0.3889862596988678,
        0.5564938187599182,
        0.42991435527801514,
        0.5848187208175659,
        0.7039076685905457,
        0.4492233693599701,
        0.5995606184005737,
        0.09748350828886032,
        0.4564133882522583,
        0.49187538027763367,
        0.6608160138130188,
        0.7636044025421143,
        0.7149965167045593,
        0.47863301634788513,
        0.5580973029136658,
        0.6278184056282043,
        0.6517701148986816,
        0.5537639260292053,
        0.6191709637641907,
        0.6076914072036743,
        0.5211081504821777,
        0.6749074459075928,
        0.5189999341964722,
        0.5444644093513489,
        0.6804001331329346,
        0.40380600094795227,
        0.47422635555267334,
        0.43032318353652954,
        0.5596489906311035,
        0.5985975861549377,
        0.7498607039451599,
        0.5978483557701111,
        0.7094635367393494,
        0.6548228859901428,
        0.6620949506759644,
        0.6768115758895874,
        0.6789147853851318,
        0.6007123589515686,
        0.5185597538948059,
        0.6525572538375854,
        0.4498516917228699,
        0.5797763466835022,
        0.6568282246589661,
        0.4380685091018677,
        0.5834148526191711,
        0.5716137290000916,
        0.6336843967437744,
        0.6694567799568176,
        0.6270347237586975,
        0.6111616492271423,
        0.37997114658355713,
        0.5713931918144226,
        0.4679678678512573,
        0.4588187634944916,
        0.5111463665962219,
        0.6113874316215515,
        0.4407525360584259,
        0.5978522896766663,
        0.5401703119277954,
        0.6323351860046387,
        0.4690059423446655,
        0.46227818727493286,
        0.4999261200428009,
        0.6319109201431274
    ],