{
    "pearson": 0.45662453935729386,
    "id": "cv2",
    "y_pred": [
        0.10889444088467053,
        0.19991280881949505,
        0.25573290200657733,
        0.08896206306957373,
        0.2539055049488099,
        0.1343548601721875,
        0.38999897011493967,
        0.40230857513465623,
        0.05191289525154952,
        0.35396281565524285,
        0.14080842022081777,
        0.23277678047100658,
        0.27927831637464934,
        0.12742624100902125,
        0.04420762158838495,
        0.2482263623186672,
        0.11810150464038142,
        0.22170619152736898,
        0.31377038055933376,
        0.015359779077497955,
        0.15675135335826004,
        0.16742648293926685,
        0.07722213781715498,
        0.22044366523624573,
        0.089922163797879,
        0.23352204277147826,
        0.05750927424230715,
        0.3647093867035877,
        0.48569312264984094,
        0.2923754452624719,
        0.21557216964083917,
        0.09851981192324234,
        0.18054899526840573,
        0.20012447595065713,
        0.060632223041777844,
        0.05017143758411902,
        0.3232951825967382,
        0.1483216709501506,
        0.11280667309464133,
        0.18978941261577517,
        0.04277104840014938,
        0.22530012095235988,
        0.2799059217961372,
        0.2388513607778509,
        0.19697598369285071,
        0.25884504132891434,
        0.055091626805261945,
        0.12296634528160591,
        0.1347594854814035,
        0.09434272336307326,
        0.1874787397219648,
        0.3416645535652278,
        0.0879951623545838,
        0.19629447455728055,
        0.09486228075353687,
        0.05573867485000728,
        0.12507848166423383,
        0.11677604308821438,
        0.2573933190414841,
        0.1324744140006472,
        0.21510372227986194,
        0.1135173955492138,
        0.22851709150695862,
        0.5429971859789915,
        0.30211037133351887,
        0.3351163360927562,
        0.6624817699897584,
        0.2688262367075311,
        0.6159723495902697,
        0.23976110697369574,
        0.41463576516322687,
        0.26660256029975105,
        0.4989399402189035,
        0.2931359186072914,
        0.1398694074452761,
        0.20819246819475004,
        0.6798671372671623,
        0.6680638917234579,
        0.3916726971682831,
        0.1190837384859419,
        0.11144793072005778,
        0.6722560550100649,
        0.24955832007371354,
        0.5871581999910197,
        0.21740812516250366,
        0.4532411202244515,
        0.27634029382819575,
        0.21364365595045628,
        0.40276096449888593,
        0.05768524849216346,
        0.23791203827588797,
        0.2378510758299285,
        0.5151036897287755,
        0.4391092768391894,
        0.28960333733745697,
        0.1955576437705656,
        0.2884863671586337,
        0.6325286932545547,
        0.42975782642413063,
        0.4995444003322555,
        0.44672857997597604,
        0.6401149011018512,
        0.48524736549774145,
        0.5101837082249396,
        0.584603284387139,
        0.32636286636051454,
        0.2750517114739499,
        0.3715660242880691,
        0.336053988329577,
        0.00014142135671046477,
        0.00014142135671046477,
        0.00014142135671046477,
        0.00014142135671046477,
        0.00014142135671046477,
        0.00014142135671046477,
        0.00014142135671046477,
        0.00014142135671046477,
        0.00014142135671046477,
        0.00014142135671046477,
        0.46605611144527903,
        0.926117430717886,
        0.9059226866840893,
        0.6205691420326687,
        0.8306130648789276,
        1.0636316730844906,
        1.0712963067397727,
        0.9323351324169251,
        0.7270396533921144,
        0.8727733062502673,
        1.0357307927746617,
        0.9190130063136419,
        0.9857832525339565,
        0.9943394676121956,
        0.3447523276799515,
        0.46737645467544053,
        0.4384141314134085,
        0.5986263155581132,
        0.3763635316038049,
        0.19545215798880425,
        0.2079019208678408,
        0.4255905159029074,
        0.5995106676122571,
        0.569164498673814,
        0.44521291225146303,
        0.14435589113799163,
        0.16596743839878864,
        0.17456199004295478,
        0.49056178976718684,
        0.3475292643591746,
        0.3102843324877792,
        0.3226237942290535,
        0.3814348390248049,
        0.00014142135671046477,
        0.5141987363708583,
        0.382128978173318,
        0.32709861850798694,
        0.45933600927802715,
        0.5287085394212612,
        0.4506010565812001,
        0.7344841948476494,
        0.5050825600561611,
        0.39012160519204053,
        0.4972260779525438,
        0.3571483818537414,
        0.3465351399291863,
        0.26690487718314215,
        0.00014142135671046477,
        0.3980165617419795,
        0.2923925653894421,
        0.2870999404516983,
        0.16462166218096574,
        0.2662254748119656,
        0.00014142135671046477
    ],