{
    "pearson": 0.45656621707328066,
    "id": "cv2",
    "y_pred": [
        0.044359490884782776,
        0.029512419268628166,
        0.054314495906623815,
        0.020521049682987482,
        0.059925896487512634,
        0.026995774858226684,
        0.07225089660924797,
        0.1009959284539484,
        0.024461450433826873,
        0.042219807534032934,
        0.03562859238252823,
        0.03308380453658458,
        0.06757867359184926,
        0.013853377598807849,
        0.008189189900923093,
        0.046929121292507446,
        0.009074067825637046,
        0.043669962746068415,
        0.041822977380460126,
        0.020197775876315598,
        0.031821213167873265,
        0.0431152826364892,
        0.03277549450697401,
        0.03525947518206202,
        0.03902940655585985,
        0.0425089506675782,
        0.004491773819301592,
        0.037306925469664326,
        0.0498406200559526,
        0.04680829652056727,
        0.050821435078132186,
        0.048573859931998295,
        0.04637129372569766,
        0.03279743000066749,
        0.01897730356072585,
        0.010232195172826966,
        0.055139997392780235,
        0.024405000730607286,
        0.023502998501500345,
        0.023053279254509826,
        0.010806191369391878,
        0.04875727475701702,
        0.025845673606951898,
        0.025116710290045308,
        0.04530027122797177,
        0.039911166813848264,
        0.007752371029864069,
        0.017233064522250038,
        0.031247764700148617,
        0.022303069111877533,
        0.02926967282192952,
        0.05519975709826748,
        0.034674662829112426,
        0.03099321161766058,
        0.03262638810001656,
        0.024943372664073794,
        0.028288827612124375,
        0.024592952364800198,
        0.03690519588344847,
        0.030828792443633263,
        0.040182021301145246,
        0.03844982353576602,
        0.05109272712604609,
        0.168220307465652,
        0.06364300872799188,
        0.12579963864855023,
        0.1982685894359843,
        0.04276211802697496,
        0.1627190057004147,
        0.03374845638376399,
        0.07457160707084567,
        0.038152443076694575,
        0.16416339301359018,
        0.07647899797883348,
        0.04799200430437404,
        0.04835539856492277,
        0.14078554143934077,
        0.14000802004562807,
        0.16040463364263158,
        0.04194299122774196,
        0.037606720027704314,
        0.16103040250399533,
        0.04758661705702616,
        0.11900462327010194,
        0.035899972915292316,
        0.15609741176406136,
        0.050543476555330015,
        0.06818678013865453,
        0.15378801615980484,
        0.061124825339237354,
        0.05388085327206227,
        0.12474699408123197,
        0.15661146881153573,
        0.055676472600035144,
        0.05822088229709463,
        0.07185000162724485,
        0.032432355925323786,
        0.1455119819356282,
        0.06764138913864826,
        0.08865773851701936,
        0.08504036984337605,
        0.13374530344744986,
        0.07477183143443746,
        0.11807491462929927,
        0.11422199386880011,
        0.06970570031251261,
        0.07140293641599602,
        0.06949147789996503,
        0.08229842255369428,
        0.00014142135671046477,
        0.00014142135671046477,
        0.00014142135671046477,
        0.00014142135671046477,
        0.00014142135671046477,
        0.00014142135671046477,
        0.00014142135671046477,
        0.00014142135671046477,
        0.00014142135671046477,
        0.00014142135671046477,
        0.14892355347359626,
        0.2214873236836366,
        0.21005986564958085,
        0.24888721742695144,
        0.29694494355262835,
        0.18431319494055456,
        0.2914601921307116,
        0.2867395918547178,
        0.2815357401892597,
        0.19656493891748839,
        0.24968799819483056,
        0.18376053302124903,
        0.19491530244448213,
        0.29941268799740495,
        0.2077644453932079,
        0.11438479073843247,
        0.07895676708916644,
        0.10710837479156661,
        0.09465227003386861,
        0.043178432418363395,
        0.0521363478243778,
        0.06488426381292961,
        0.10943584573757333,
        0.07809114877383391,
        0.05238329621916963,
        0.04181599389142091,
        0.050482177658252386,
        0.05673955329409667,
        0.11742423328326783,
        0.08435183362279493,
        0.06799337182503647,
        0.06729717515514808,
        0.09770696149546224,
        0.00014142135671046477,
        0.12682499469733757,
        0.10770102354157252,
        0.08725268902353688,
        0.12190568300179024,
        0.129475517846624,
        0.11404684293705541,
        0.10542123518199818,
        0.08314936445731823,
        0.07731919859612335,
        0.09410061656506752,
        0.07330364668106602,
        0.07265517305508491,
        0.06725655573422228,
        0.00014142135671046477,
        0.0990506762922243,
        0.04566702745154469,
        0.06336131569986034,
        0.053547904402794506,
        0.06585716520508234,
        0.00014142135671046477
    ],