{
    "pearson": 0.3184753822395854,
    "id": "cv4",
    "y_pred": [
        0.04413490797322564,
        0.011727208879213748,
        0.06267766228286091,
        0.020345435495422146,
        0.044569810936355196,
        0.026536539647521125,
        0.03506836513567372,
        0.0109673574631047,
        0.03562254337847764,
        0.008744426162111574,
        0.05391218328293342,
        0.05319257883371579,
        0.033226047099281085,
        0.04023112785706111,
        0.008659722457467002,
        0.03769801841788592,
        0.046118591375206165,
        0.003886068655028739,
        0.02284497845269553,
        0.00661724304533484,
        0.01819030752155175,
        0.008818918192479867,
        0.03179722151903123,
        0.013954203169413893,
        0.03228104178218456,
        0.03887518249972451,
        0.057517615607372466,
        0.02697313224214288,
        0.008655407322744961,
        0.029594922474739487,
        0.007018686513164636,
        0.006116668357613403,
        0.0495579941807077,
        0.0244091240833461,
        0.021926536122414658,
        0.008175941867381444,
        0.020714601718391918,
        0.06005488584903962,
        0.05894684664789104,
        0.019610488402663637,
        0.03996935539116807,
        0.025290420591449234,
        0.017724116028983803,
        0.02857412590183543,
        0.03446088377178493,
        0.042579178959898996,
        0.04892920086136278,
        0.030441627777341218,
        0.01793883811859667,
        0.04644443698031488,
        0.022068423412609242,
        0.01695410824549044,
        0.051127486318195095,
        0.03061329066158202,
        0.031243493124581502,
        0.04224951495289662,
        0.03342128097225908,
        0.04225679438891948,
        0.027714263156108636,
        0.028288827612124375,
        0.03305157125674278,
        0.02225226948224939,
        0.1514374299524826,
        0.15051513606391792,
        0.14595415523805977,
        0.13619943092924933,
        0.050192158702194484,
        0.03343287245181093,
        0.04232260632022569,
        0.06939853955839637,
        0.07168157980578992,
        0.06478726757643907,
        0.05412771583191305,
        0.03608531363277694,
        0.056964653574837654,
        0.029739487646842616,
        0.05541437277098257,
        0.12220178936857812,
        0.03954970593136408,
        0.0392922467488541,
        0.02402819345495551,
        0.023392434720908472,
        0.07138112840394131,
        0.038005776689210874,
        0.0436285367062474,
        0.05952960714299262,
        0.047182720351626316,
        0.039654334255923115,
        0.09826780512525435,
        0.06223289417195699,
        0.03898185420299665,
        0.05005238325589739,
        0.07369894631830146,
        0.14145738727481366,
        0.10253657295648066,
        0.10072238490296095,
        0.07969390778498478,
        0.07890369180848919,
        0.09452372963394463,
        0.05460033991224172,
        0.06832552225982713,
        0.08977554873774894,
        0.04749594583135993,
        0.0676844266968019,
        0.09911566397369376,
        0.05084527907350756,
        0.10785270190732989,
        0.07973036936920827,
        0.04545047918085121,
        0.07367435113222683,
        0.06742499723330758,
        0.00014142135671046477,
        0.00014142135671046477,
        0.00014142135671046477,
        0.00014142135671046477,
        0.00014142135671046477,
        0.00014142135671046477,
        0.00014142135671046477,
        0.00014142135671046477,
        0.22056331493162692,
        0.1906678028658159,
        0.2058879089334682,
        0.2643207381112646,
        0.21728580851912285,
        0.15957562567870953,
        0.16293088577479833,
        0.1448941275603901,
        0.11751114762618764,
        0.22444241189142128,
        0.2164801209897277,
        0.15752655828242818,
        0.23516777782779458,
        0.16181857120489268,
        0.16728602115596683,
        0.1511905004423827,
        0.12450624911198205,
        0.07459299273693827,
        0.09721513046607862,
        0.06361277549538447,
        0.06911707411941917,
        0.08307446068332981,
        0.07069619114882911,
        0.13374530344744986,
        0.08504036984337605,
        0.07696407988195804,
        0.06416129679678886,
        0.0490449553739534,
        0.05765369440393037,
        0.05665586410336364,
        0.07327826207740797,
        0.044512673132294386,
        0.06425533358077054,
        0.07301704844295547,
        0.10464682102441429,
        0.06554059606834003,
        0.10582955333787944,
        0.08918792881517863,
        0.08604791446152636,
        0.11906868697222568,
        0.089968388019197,
        0.08808190246389012,
        0.08922195338261059,
        0.08197843307997404,
        0.00014142135671046477,
        0.09389557496039397,
        0.10623836806135477,
        0.08314244508539301,
        0.08730109753541296,
        0.07410180512359459,
        0.09066243638667233,
        0.06297362882366413,
        0.09523351394266381,
        0.00014142135671046477
    ],