{
    "pearson": 0.45832906452990596,
    "id": "cv3",
    "y_pred": [
        0.016382108773944914,
        0.004220776858931679,
        0.023100698476669058,
        0.046843808518011495,
        0.023446519057451966,
        0.028549240270100546,
        0.013934874592835983,
        0.03293976490789624,
        0.007929211884821954,
        0.05276047275225193,
        0.038108464911475154,
        0.011663623399313717,
        0.026114402989742054,
        0.022873854647673067,
        0.05429622686075048,
        0.04932830417425348,
        0.036449365506298494,
        0.02509094719574231,
        0.04574099335469453,
        0.02257256565425223,
        0.05452647806902235,
        0.015525423047560416,
        0.0070178510411204814,
        0.022743839875350117,
        0.049126316885871914,
        0.03752200734178459,
        0.004235012549359325,
        0.01633066475721333,
        0.03300922845900312,
        0.024434100984665304,
        0.005431764790056072,
        0.02052452134005301,
        0.009744097293539812,
        0.014218319286720748,
        0.070750759962247,
        0.0454501290976416,
        0.03903342791929629,
        0.038858154687066285,
        0.05383605183491691,
        0.043521418614541195,
        0.02137929666550429,
        0.026836172844189113,
        0.01056240183557135,
        0.050767467477217255,
        0.028830292899694063,
        0.02712126131348942,
        0.03945310073203955,
        0.04744101300729392,
        0.006714254782168499,
        0.04459117367618813,
        0.0374354470838208,
        0.03174586217780872,
        0.02454026638369298,
        0.017519801907818405,
        0.024518024201879395,
        0.03027343604961282,
        0.01995852061177113,
        0.020562250231416605,
        0.03727278484124136,
        0.016522345929362706,
        0.017848623443438585,
        0.01741419190566133,
        0.06160627850049299,
        0.1572054001458308,
        0.03793528258537535,
        0.03689429760231571,
        0.03738571483068543,
        0.07460587157876981,
        0.077499054914456,
        0.08235761348455678,
        0.2037856860195119,
        0.13759502995491363,
        0.15430990857026702,
        0.04799939319173535,
        0.15329015439011068,
        0.05321784353473837,
        0.06515008210380294,
        0.049583621931455935,
        0.04875826610304643,
        0.07210455614888288,
        0.03947216292989799,
        0.051203330205589315,
        0.056537395080116626,
        0.07999388788447903,
        0.04142965826777585,
        0.05371848422697749,
        0.1311556062186378,
        0.09887837757795273,
        0.033747048060573326,
        0.1309418970717671,
        0.11921222468586166,
        0.12174247633758888,
        0.060188427500066866,
        0.05743439795707899,
        0.089671164227455,
        0.06895787449182847,
        0.07565491353717056,
        0.11272975068590393,
        0.06422688212156416,
        0.08397211102169395,
        0.1165844812261143,
        0.0743258700569268,
        0.12146620670328555,
        0.08393188585694698,
        0.08445793086554138,
        0.10874810307478132,
        0.04135367834176915,
        0.09445418080801628,
        0.00014142135671046477,
        0.00014142135671046477,
        0.00014142135671046477,
        0.00014142135671046477,
        0.00014142135671046477,
        0.00014142135671046477,
        0.00014142135671046477,
        0.00014142135671046477,
        0.00014142135671046477,
        0.00014142135671046477,
        0.00014142135671046477,
        0.20998784125534148,
        0.14608903054452801,
        0.24440734132502076,
        0.09989003172276358,
        0.1911475006574172,
        0.1743415926330709,
        0.23023139149197988,
        0.28447341453826264,
        0.20869372384495913,
        0.08652488141412548,
        0.03167803853020085,
        0.23352960885832055,
        0.17564340591449623,
        0.17969340624798605,
        0.19471097300100298,
        0.11239950481076787,
        0.08148595906191589,
        0.09835515232242104,
        0.10832142882788019,
        0.09494255822830386,
        0.11807491462929927,
        0.08354040903521245,
        0.08445793086554138,
        0.07412022735519423,
        0.06057565068276175,
        0.07090184734550324,
        0.08013860160006706,
        0.06611069243315047,
        0.09839355881885554,
        0.049439368311051474,
        0.03202668704891173,
        0.09961689358460493,
        0.06568916777125802,
        0.00014142135671046477,
        0.09088885497642352,
        0.07046391469881931,
        0.10289814366074194,
        0.07466115089484965,
        0.06391578866193126,
        0.07872746675797376,
        0.00014142135671046477,
        0.09244614457637947,
        0.10553436167253478,
        0.09998911889262169,
        0.0983135910633579,
        0.0722054369937234,
        0.04804217276599104,
        0.08201497175969326,
        0.07814111055123336,
        0.08014118585436067,
        0.06604957142517073,
        0.0665208983252575,
        0.07032791095775935,
        0.09081786338122821
    ],