{
    "pearson": 0.41226052566853294,
    "id": "cv0",
    "y_pred": [
        0.02994100686124833,
        0.00573758794646291,
        0.04103549535175034,
        0.05166962513147202,
        0.050855174201088225,
        0.023817839893572685,
        0.007688685265184938,
        0.048268162500027814,
        0.008387876091998887,
        0.05022717870435744,
        0.02963554674374668,
        0.05381967415338857,
        0.0325142151255183,
        0.004476276343553059,
        0.027662005854698853,
        0.026065955614693798,
        0.03812378123915212,
        0.025591994089893367,
        0.03850518485256696,
        0.04114927209015257,
        0.03303302089994439,
        0.03097272547769525,
        0.05113737194198534,
        0.045004493288795404,
        0.0355968169354594,
        0.0459219683039959,
        0.04465020463118096,
        0.03807973527422438,
        0.05904458226467899,
        0.044457277032422235,
        0.03747677302145213,
        0.045112283880641965,
        0.045819788326286116,
        0.04211763830799309,
        0.022297013320475446,
        0.008027752502921006,
        0.02986431537828418,
        0.028156949541373467,
        0.020865860463886363,
        0.03253089910610889,
        0.04187636418642545,
        0.03716640915173594,
        0.02824960912904523,
        0.02511254699535624,
        0.04357728429172537,
        0.02402611206633005,
        0.02252380524804004,
        0.02411297230447065,
        0.01107227973035707,
        0.02511473011644054,
        0.0371933850283492,
        0.041854140357577375,
        0.02320016986168664,
        0.03305415199281005,
        0.05591454136258709,
        0.01795470717224283,
        0.019600056852815333,
        0.025856249024468182,
        0.02096708405139066,
        0.024244703209595514,
        0.012577840037517489,
        0.0253799951595481,
        0.06466124449676945,
        0.0856899863092768,
        0.15007758388662482,
        0.13885755918502105,
        0.04330850646440044,
        0.03403593844721908,
        0.058477456781258874,
        0.03913557353348329,
        0.03912678055866047,
        0.060062670886156494,
        0.04044275302008212,
        0.058318313899392966,
        0.07182848496784487,
        0.04911713873197947,
        0.1026673368991349,
        0.14399282065470947,
        0.10114812695537696,
        0.03156903379591775,
        0.1566346969835663,
        0.03247459960798431,
        0.07657282659681437,
        0.05381668386426713,
        0.05261706221677421,
        0.05714097556197404,
        0.0354098958764671,
        0.093331421557516,
        0.09636565107872126,
        0.10722739072900116,
        0.11804635250053974,
        0.05547849325773552,
        0.07465788722162878,
        0.10365129157643731,
        0.07252848957329418,
        0.08607992466905014,
        0.07345851748934001,
        0.0489236941326455,
        0.07675322541460002,
        0.055780005547764,
        0.10319869848504358,
        0.06488426381292961,
        0.10782203400144495,
        0.05066100402384001,
        0.1191872969468136,
        0.09643137459826194,
        0.10037948327707799,
        0.06057565068276175,
        0.042596137274980364,
        0.00014142135671046477,
        0.00014142135671046477,
        0.00014142135671046477,
        0.00014142135671046477,
        0.00014142135671046477,
        0.00014142135671046477,
        0.00014142135671046477,
        0.00014142135671046477,
        0.00014142135671046477,
        0.00014142135671046477,
        0.00014142135671046477,
        0.20776733610787115,
        0.21906162708509241,
        0.23124230254899616,
        0.2111791484449732,
        0.2592484603033253,
        0.2176641886651901,
        0.14078959260904295,
        0.24195801652579785,
        0.22862890230536984,
        0.0597664260058312,
        0.16468252273114647,
        0.2798826317705606,
        0.16170452944414535,
        0.21573040914897662,
        0.00014142135671046477,
        0.08265889757572956,
        0.00014142135671046477,
        0.1455119819356282,
        0.06422688212156416,
        0.08592765829769516,
        0.07727483993313376,
        0.06953400872091715,
        0.08140135664756706,
        0.06516231329046415,
        0.08667500748696892,
        0.09222602847071588,
        0.07166828417452228,
        0.08408083832028847,
        0.07677947952400635,
        0.06624445253885629,
        0.09526089505125195,
        0.07880933026551103,
        0.07703166620089118,
        0.00014142135671046477,
        0.00014142135671046477,
        0.11295786441190292,
        0.05818486130643753,
        0.07654199174899971,
        0.07205212213497116,
        0.09815106148887472,
        0.06493675344203037,
        0.06571406190737039,
        0.06833411675033085,
        0.08414215331904047,
        0.06393791352942821,
        0.08553774261006164,
        0.09198129981910932,
        0.07669127604249562,
        0.09366698067853031,
        0.08728393454141957,
        0.00014142135671046477,
        0.10728369044783033,
        0.05104942843075543
    ],