{
    "pearson": 0.4002465432116276,
    "id": "cv1",
    "y_pred": [
        0.05835505933504746,
        0.018389174414573356,
        0.0456268073246289,
        0.06535002024647518,
        0.038247368324805596,
        0.05548831624783464,
        0.008265499383097098,
        0.010043774428498126,
        0.023612842400671408,
        0.018147296274404028,
        0.05594126181540291,
        0.028465647381718317,
        0.015105796394211451,
        0.02696244235572858,
        0.03598323115412404,
        0.020270246288441096,
        0.07550193375449119,
        0.01816601589593705,
        0.023350428823777785,
        0.005622852719245335,
        0.030577898851602402,
        0.03639684523777989,
        0.026071778627195816,
        0.028199541632400987,
        0.007061157895699476,
        0.021203060900447435,
        0.03685102349469189,
        0.02563715911305322,
        0.027365544953143434,
        0.02489907627153929,
        0.024337208868717517,
        0.0310579332297754,
        0.05420965808667828,
        0.02276905535324433,
        0.025026260267938298,
        0.059578418865557654,
        0.00993621929141201,
        0.030107713855114827,
        0.027545218218722273,
        0.007236717413331451,
        0.008190213945627993,
        0.07314186040127064,
        0.002572684173271063,
        0.02267242265089519,
        0.02702068697121328,
        0.03819622367430068,
        0.016180129577976356,
        0.06850033110679712,
        0.018177957595168687,
        0.016014677350048835,
        0.05531186889840833,
        0.03057189874988125,
        0.03275503296967727,
        0.027787463784936524,
        0.021200740506219264,
        0.023373139508228453,
        0.026465100354577425,
        0.018212374728910928,
        0.025092251809523253,
        0.044725095166922905,
        0.0253799951595481,
        0.035331264427882654,
        0.1656011148892675,
        0.15155061817444276,
        0.07542073037041547,
        0.042764093679289385,
        0.15834624501348493,
        0.15054648587072883,
        0.04945202774898226,
        0.15687633928852793,
        0.06564967845088213,
        0.15938491581210082,
        0.03186770841980835,
        0.05579680373257071,
        0.18458581307533337,
        0.06430087799158941,
        0.12948909669499395,
        0.13780115968972614,
        0.032995477974820255,
        0.0333724714080904,
        0.05120332603647829,
        0.0302464667405744,
        0.05002645339437271,
        0.03555477294626597,
        0.05034947903921374,
        0.05510800608385491,
        0.03546016647477571,
        0.04373291862536932,
        0.1301463727226014,
        0.05461033860842267,
        0.07206374566951697,
        0.07600917133369363,
        0.13047772414329908,
        0.09571207627426746,
        0.06870350691080347,
        0.04815837538231676,
        0.08013860160006706,
        0.0705070519862783,
        0.11239950481076787,
        0.08764980694105333,
        0.10005817901179431,
        0.09261004066005844,
        0.09611103067315224,
        0.06039067095733417,
        0.10172584241459014,
        0.09334816091341323,
        0.06015192841952049,
        0.0732678288529331,
        0.058285047354765446,
        0.07737935246596381,
        0.05798846683922044,
        0.00014142135671046477,
        0.00014142135671046477,
        0.00014142135671046477,
        0.00014142135671046477,
        0.00014142135671046477,
        0.00014142135671046477,
        0.00014142135671046477,
        0.00014142135671046477,
        0.20865454842481174,
        0.21173744639903488,
        0.18591625439213483,
        0.16039605520967626,
        0.2162779685114494,
        0.18310185620363692,
        0.20336730087126442,
        0.17994070060801914,
        0.16244366204890792,
        0.1663487268928574,
        0.1311777574852477,
        0.2133873878312865,
        0.17679824182962553,
        0.18245380244300236,
        0.21741166636892167,
        0.12087799994314607,
        0.124393145242621,
        0.06663074343774349,
        0.12835884142237136,
        0.06409358680484396,
        0.05616705349115884,
        0.10823417409247627,
        0.08794153795522945,
        0.08859250413637028,
        0.11372312266652787,
        0.05095984021929047,
        0.08329166948694465,
        0.05930641928596602,
        0.05594899885349103,
        0.04953324230204814,
        0.05430375915484158,
        0.09625789325158057,
        0.1324412328609348,
        0.049643499373056905,
        0.09697972483712353,
        0.10105694731829631,
        0.00014142135671046477,
        0.07932622262992602,
        0.10894401769818055,
        0.09596470629653148,
        0.07438905911524991,
        0.101718849644373,
        0.06569503038271797,
        0.09468171316437014,
        0.08820385243708084,
        0.07106083181506842,
        0.07942539419102618,
        0.07672467266206963,
        0.08218131072531534,
        0.048330933053368795,
        0.08892729106762216,
        0.07372746515166209,
        0.0728688180573689,
        0.07253685821611429
    ],